teks_klaim,label
Operasi Amandel-Adenoid Juga Dapat Membantu Perilaku,false
Mangga membantu meningkatkan kesehatan kardiovaskular dan usus pada wanita,false
"Pada akhir September 2020, Departemen Pertanian A.S. mendistribusikan jutaan kotak bantuan yang didanai pemerintah federal, termasuk surat dari Presiden Donald Trump yang memuji pemerintahannya atas pendistribusian kotak tersebut.",true
Donald Trump menyarankan dia akan menggunakan senjata nuklir terhadap Meksiko jika mereka menolak membangun dan membiayai pembangunan tembok.,false
"""Gembong Narkoba yang Menggemaskan"""" Sarah Furay menghindari tuntutan karena hubungan ayahnya dengan DEA.""",false
"""""Tato"""" karakter kartun yang dibubuhi LSD dibagikan kepada anak-anak oleh pengedar narkoba yang tidak bermoral.""",false
"""Patrick Murphy Berkata """"Marco Rubio akan menghilangkan hak perempuan untuk memilih korban pemerkosaan atau inses.""",true
Korban serangan jantung pelanggan yang keren,false
Bangsawan muda Inggris mempromosikan pembicaraan mengenai kesehatan mental.,true
Negara menaikkan gaji pekerja perawatan; permintaan di dapur umum melonjak.,true
Hakim menolak rencana Trump untuk membangun jalan di suaka margasatwa Alaska.,true
Studi menemukan sinar kosmik meningkatkan risiko jantung di kalangan astronot Apollo.,true
Studi: Hasil Buruk Dari Bedah Lap-Band,true
Buzz Kesehatan: Obat Penghilang Rasa Sakit yang Umum Melawan Kanker; Diklofenak bisa menjadi pengobatan kanker berikutnya.,false
Sepasang suami istri di Las Vegas ditangkap karena memodifikasi telinga bayi mereka agar runcing seperti telinga Vulcan.,false
Leeds Trinity University melarang penggunaan huruf kapital untuk menghindari kemarahan atau ketakutan siswa yang lemah agar tidak gagal di kelas.,false
Rokok elektrik: pertanyaan hangat bagi regulator AS.,true
"""NaturalNews.com Mengatakan"" ""virus corona direkayasa oleh para ilmuwan di laboratorium.""",false
Pemasar online menjamin bahwa Quantum Vision System dapat memberikan penglihatan 20/20 kepada penggunanya dalam waktu kurang dari tujuh hari.,false
Minuman energi Red Bull dan Bang dinyatakan positif mengandung berbagai obat terlarang atau obat resep dalam tes zat atau urin,false
Jajaran jus dan smoothie “Naked” mengandung formaldehida pengawet beracun.,false
Clark County di Washington melaporkan penyakit pertama yang berhubungan dengan vaping.,true
"Paus Fransiskus memperingatkan 'kejahatan' narkoba, menentang legalisasi.",true
"Tai chi meredakan gejala fibromyalgia, demikian temuan penelitian",false
Seorang dokter dari Pusat Pengendalian dan Pencegahan Penyakit mengatakan vaksin flu menyebabkan epidemi flu yang mematikan.,false
"Wabah penyakit dilaporkan di penjara negara, 1 narapidana tewas.",true
“Penelitian menggambarkan korelasi yang jelas antara kekurangan vitamin D dan tingkat kematian akibat COVID-19 (yang lebih tinggi).”,true
"Dalam kasus tahun 2014 yang melibatkan seorang pria yang dihukum karena menganiaya dua gadis di bawah umur, Hakim Roy Moore tidak setuju dan menulis pendapat berbeda.",false
Ilmuwan Nordik memulai uji coba vaksin nikotin.,true
Melanjutkan Perkembangan Konsensus Medis Tentang Kegunaan Minyak Peppermint Untuk Irritable Bowel Syndrome (IBS),false
'Musuh umat manusia': Kematian akibat virus corona melampaui SARS saat Tiongkok kembali bekerja.,true
Pembeli Inggris menolak daging setelah skandal kuda.,true
Bassis KISS Gene Simmons mencangkokkan lidah sapi ke lidahnya sendiri.,false
Keluhan mata: Betapa keringnya aku,false
"""Daniel Kelly Mengatakan saingannya Jill Karofsky ingin"" ""melucuti senjata warga negara yang taat hukum.""",false
"""""Proposal anggaran yang disetujui DPR dapat memotong dana untuk program yang membantu menjaga lingkungan lokal tetap aman, memangkas lebih dari $1,7 juta dana anti-teror untuk Ohio.""",true
Metformin Obat Diabetes Terkait dengan Penurunan Angka Kanker Paru-Paru pada Tikus,true
"""Ted Cruz Mengatakan Donald Trump dan Marco Rubio menentang """"upaya Cruz untuk membubarkan dana Planned Parenthood.""",false
Barack dan Michelle Obama menyerahkan izin hukum mereka untuk menghindari tindakan disipliner yang tertunda.,false
Apakah tindakan keras Eropa terhadap peralatan medis yang rusak akan merugikan pasien?,true
Indonesia melaporkan lonjakan kematian akibat virus corona terbesar seiring dengan membaiknya tren di Malaysia.,true
Okposo dari Sabres sangat ingin menantikan saat ini karena dia sudah sehat.,true
John Kitzhaber adalah satu-satunya kandidat pro-pilihan dalam pemilihan gubernur.,false
Kenaikan tarif disetujui untuk pusat perawatan kecanduan.,true
Judith Zaffirini Mengatakan 11 persen kecelakaan mobil fatal di negara ini pada tahun 2009 disebabkan oleh gangguan mengemudi.,true
Pejabat: Kawanan rusa Wisconsin punah karena penyakit.,true
Some people have eschewed retirement homes in favor of living on cruise ships.,true
New York mengeluarkan aturan yang lebih ketat tentang pengecualian vaksin medis.,true
Christine Blasey Ford melontarkan tuduhan penyerangan seksual terhadap Hakim Neil Gorsuch selama proses pencalonannya di Mahkamah Agung.,false
Secara fisik tidak mungkin bagi seorang pria bersenjata di klub malam Orlando untuk menembakkan peluru sebanyak yang dilaporkan dalam waktu yang ditentukan.,false
Gairah terhadap vodka membunuh ribuan pria Rusia.,true
Orang mengira AIDS sudah selesai -- padahal sebenarnya belum selesai.,true
100% Murni? Kualitas air di Selandia Baru yang memburuk menimbulkan bau busuk.,true
30.000 ilmuwan telah menandatangani petisi yang menyatakan bahwa tidak ada bukti ilmiah yang meyakinkan mengenai perubahan iklim antropogenik.,false
Ini adalah email yang diteruskan yang menyarankan penyanyi Lagu Kebangsaan di acara olahraga untuk berhenti menata gayanya dan menyanyikan lagu seperti yang ditulis dan diajarkan di sekolah.  Penulis diduga adalah mantan Kolonel Marinir AS.,false
"Setelah operasi otak, Jimmy Carter kembali ke gereja kampung halamannya.",true
Negara Guinea di Afrika Barat melaporkan kematian akibat demam Lassa.,true
Polisi Charlottesville diperintahkan untuk mundur selama demonstrasi di sana pada bulan Agustus 2017 yang menyebabkan bentrokan dengan kekerasan antara pengunjuk rasa nasionalis kulit putih dan pengunjuk rasa tandingan yang menyebabkan kematian seorang pengunjuk rasa kontra berusia 32 tahun.,false
Wabah Hepatitis A meningkat menjadi 11 kasus di Kabupaten Yakima.,true
Sebuah distrik sekolah di Missouri meminta orang tua untuk menandatangani surat pernyataan pelepasan tanggung jawab COVID-19 sebelum tahun ajaran 2020-2021.,true
Kelelawar berumur panjang memberikan petunjuk tentang penyakit dan penuaan.,true
"Tembakan cepat menggantikan nip, selipkan",false
"Wabah campak di Samoa menewaskan 20 orang, kebanyakan anak-anak.",true
Kearney akan mempelajari larangan vaping di tempat umum.,true
Resolusi Tahun Baru mungkin lebih merupakan penundaan daripada motivasi.,true
"Komedian George Carlin menulis esai """"The Paradox of our Age"","" yang sering disalahartikan sebagai """"The Paradox of Our Time"".",false
"Gubernur Andrew Cuomo ""hanya mengatakan jika kami dapat membagikan 20 persen kelebihan Anda, ventilator yang tidak terpakai, untuk membantu orang-orang di bagian lain negara bagian ini secara sukarela, itu akan menjadi hal yang luar biasa. Tentu saja, ada reaksi terhadap hal itu, dan itu tidak positif.",false
"Tes darah eksperimental dapat mendeteksi kanker kulit melanoma sejak dini, demikian temuan penelitian",true
"Neville Chamberlain mengatakan kepada rakyat Inggris: ‘Terimalah Nazi. Ya, mereka akan mendominasi benua Eropa, tapi itu bukan masalah kita. Mari kita menenangkan mereka. Mengapa? Karena itu tidak bisa dilakukan. Kita tidak mungkin melawan mereka.’",false
Para dokter memperingatkan akan adanya permintaan untuk 'penyemaian vagina' meskipun buktinya sedikit.,true
Obat multiple sclerosis oral menunjukkan harapan,false
Ilmuwan: Keluhan tentang serangan hewan pengerat menyebabkan penembakan.,true
"""Selama abad ke-19 dan ke-20, beberapa kota di AS memberlakukan apa yang disebut""""undang-undang buruk"""" yang melarang orang-orang yang dianggap """"berpenyakit, cacat, dimutilasi, atau dengan cara apa pun cacat sehingga menjadi objek yang tidak sedap dipandang atau menjijikkan atau orang yang tidak patut"""" berada di ruang publik.""",true
"""Marco Rubio Mengatakan Presiden Barack Obama bisa """"pada dasarnya"""" melegalkan semua imigran di sini secara ilegal """"dengan tanda pena.""",false
"""Tangkapan layar dari"" istri yang pro-kehidupan """" adalah ""postingan nyata oleh seorang aktivis anti-aborsi,"" yang mengeluhkan ketidaknyamanan dalam merawat bayi yang tidak mampu ia beli dan tidak direncanakannya.",true
"Vincent Fleck, ayah dari seorang dokter yang membocorkan informasi medis Hillary Clinton kepada pers, meninggal mendadak dan dalam keadaan yang mencurigakan.",false
"Sel induk jantung dari jantung muda dapat meremajakan jantung tua, menurut studi baru",false
"""Sebuah video menggambarkan seorang pedagang Tiongkok membuat ""kubis sintetis"" untuk dijual di restoran dan supermarket Amerika.""",false
Paten AS 7897744 dan 8506968 ditujukan untuk SARS.,true
Satu dari empat orang Amerika diminta untuk tinggal di rumah ketika Kongres mendekati stimulus $1 triliun.,true
Eksklusif: WHO dan Kongo mengincar aturan yang lebih ketat untuk perawatan Ebola dibandingkan masalah imunitas.,true
Korban campak di Samoa mencapai 42 orang ketika negara-negara mengirimkan tim medis dan perbekalan.,true
Peningkatan kecelakaan mobil terjadi setelah Super Bowl.,true
"Tes ""biopsi cair"" meningkatkan hasil kesehatan dan dapat menghemat lebih dari $500 juta per tahun untuk sistem layanan kesehatan AS""",false
Pejabat Maine menyelidiki kelompok penyakit Legiuner.,true
"Tanaman """"Gympie-Gympie"""" Australia menyebabkan rasa sakit yang luar biasa sehingga menyentuhnya kemungkinan besar merupakan hukuman mati.""",false
Aktris Jamie Lee Curtis mengakui dalam sebuah wawancara bahwa ia dilahirkan dengan organ seks pria dan wanita.,false
Jamur hitam ditemukan di dalam wadah lip balm eos.,true
Anggaran Ryan menghilangkan Medicare dalam 10 tahun dan mengubahnya menjadi program voucher.,false
Jumlah kematian akibat virus corona di Prancis mencapai angka tertinggi baru seiring bertambahnya jumlah korban di panti jompo.,true
"Peringatan tersebar di media sosial tentang produk Cadbury yang terinfeksi darah HIV positif pada minggu-minggu menjelang Paskah, ketika banyak produk Cadbury dibeli.",false
Michele Bachmann Mengatakan vaksin untuk mencegah HPV dapat menyebabkan keterbelakangan mental.,false
Vitamin C Dapat Mengurangi Bahaya pada Paru-Paru Bayi Akibat Merokok Selama Kehamilan,false
Formula Khusus Bayi Mungkin Membantu Melindungi Bayi dari Diabetes Tipe 1,true
"Dengan maraknya toko vape di AS, pemilik mengincar pasar ganja baru.",true
Sebuah laporan bahwa pembunuhan seorang pejabat tinggi Partai Demokrat bernama Seth Rich ketika dia sedang dalam perjalanan untuk memberikan kesaksian tentang Hillary Clinton telah menyebabkan FBI menangkap apa yang disebut sebagai “Tim Pembunuh” Clinton.,false
Wanita Inggris-Iran yang ditahan di Iran dipindahkan ke bangsal psikiatris.,true
Tentang penggunaan standar Common Core untuk pengajaran bahasa Inggris dan matematika,false
"""Mark Pocan Mengatakan Scott Walker baru-baru ini mengatakan"" ""dia mengalami kebotakan karena kepalanya terbentur lemari, dan itu bukan lelucon, dia sebenarnya mengatakan bahwa kebotakannya terjadi karena kepalanya terbentur lemari.""",true
"Bahkan air kemasan yang mahal sekalipun, seperti Perrier dan Evian, tidak memiliki kualitas yang cukup baik untuk dipompa keluar dari tambang di Southwest Virginia, menurut peraturan EPA.",false
"Agar tetap bugar saat liburan, jangan hentikan rutinitas: ahlinya.",true
FDA memperluas penggunaan obat Novartis MS untuk pasien anak,false
"Obat diabetes memang manjur, namun mempunyai efek samping yang serius",false
"""Presiden Obama telah meminta semua warga Amerika """"merayakan hubungan seks sesama jenis"""" pada bulan Juni 2016.""",false
"""Saya tidak pernah menyerukan pemisahan"" Irak.",true
"2 ilmuwan berbagi hadiah $500,000 untuk karyanya di bidang biologi kanker.",true
Tes darah baru yang menjanjikan adalah yang pertama untuk mendeteksi jaringan parut pada hati,false
Dokter mendesak tes dasar untuk kanker prostat,false
Departemen Pertahanan Amerika Serikat mengunggah peringatan Pertempuran Bulge di media sosial — yang ditulis dari sudut pandang Nazi.,true
“Sinar matahari sebenarnya bisa membunuh (novel virus corona)”,false
Hakim memerintahkan perusahaan kesehatan hewan Australia untuk membayar $33K.,true
Indicators for Dynamic School Decision-Making,true
Ted Kaczynski memiliki kurungan yang tidak seketat remaja di Lincoln Hills.,true
"Obesitas di AS mulai menurun, namun dengan tingkat yang tinggi: laporkan.",true
"Dengan sorak-sorai, para perawat di New York menyambut bala bantuan dari seluruh AS.",true
"Pil dapat menghapus kenangan menyakitkan, menurut penelitian",false
"(Untuk) kelas pekerja kulit putih Amerika, angka kematian di kalangan pria kulit putih naik 20 persen.",false
Rick Perry Mengatakan ada 50 juta aborsi sejak keputusan Roe v. Wade.,true
Kematian di Singapura 'tidak bisa dihindari' ketika virus corona menyebar secara global - menteri.,true
Sebuah foto menunjukkan kotak antik berisi dekorasi salju palsu yang terbuat dari asbes karsinogen.,true
"Ketika pelanggaran kendali mutu meningkat, kepala FDA berangkat ke India.",true
"Kematian akibat virus corona di Italia melonjak 627 dalam sehari, dan lansia berisiko tinggi.",true
Obat skizofrenia menunjukkan harapan dalam uji coba,true
Mahasiswa di universitas Connecticut didiagnosis menderita meningitis.,true
Apa yang Kami Pelajari Tentang Mengobati COVID,true
Rabies ditemukan pada sapi jantan di Larimer County.,true
"Kanker, diabetes meninggalkan sidik jari di darah, serum.",true
"""Kelly Loeffler memiliki """"sejarah panjang dalam menyumbang kepada Partai Demokrat yang mendukung aborsi.""",false
Tiongkok melonggarkan larangan pengangkutan babi untuk memastikan pasokan di tengah demam babi Afrika.,true
Gandakan penelitian pertanian untuk membantu kelompok termiskin di dunia: Bill Gates.,true
Miliarder teknologi seperti Bill Gates dan Steve Jobs menganjurkan pembatasan penggunaan teknologi oleh anak-anak.,true
Uji Coba Vaksin COVID-19 AstraZeneca Dilanjutkan di Inggris,true
Pusat Pengendalian dan Pencegahan Penyakit (CDC) telah mengeluarkan peringatan bahwa produsen di Tiongkok membuat kondom menjadi ikat rambut.,false
Tes prenatal baru memberikan jawaban yang lebih jelas dengan lebih cepat,true
Sebuah obituari yang tersebar luas mengklaim bahwa Great Barrier Reef telah punah setelah 25 juta tahun berlalu.,false
Merindukan satu pint? Pabrik bir Brussel mengantarkan ke rumah-rumah selama lockdown virus corona.,true
Obat Theranostic mempersonalisasi pencitraan dan terapi kanker prostat: Gabungan pencitraan PET dan terapi radionuklida menawarkan harapan baru untuk kanker prostat stadium lanjut,false
"""Anak-anak Ember Sampah""""Corona Mona"""" memperkirakan pandemi virus corona/COVID-19.""",false
"""Tim Pawlenty Mengatakan para ilmuwan""""berdebat"""" mengenai apakah menjadi gay adalah sebuah pilihan.""",false
Studi baru mengungkapkan pola makan segar pengganti alpukat secara signifikan mengubah profil lipid,false
Sekolah piagam Wisconsin terbuka untuk siswa dari semua kemampuan.,true
"Operasi Untuk Penderitaan Sinus: Lebih Baik, Tapi Masih Belum Ada Obatnya",true
Perangkat Jantung Implan Memiliki Manfaat 'Dunia Nyata': Belajar,false
"Pengingat Teks Membantu Orang Menurunkan Kolesterol, Tekanan Darah",true
Karen Pence: ‘Tidak apa-apa jika tidak baik-baik saja’ selama pandemi.,true
"""Sebuah foto menunjukkan selebaran yang dipasang untuk""""End the Lockdown Rally"""" di Staten Island.""",true
Pemerintah Italia menyerukan penangkapan Bill Gates.,false
Jalan menuju ObamaCare menjadi undang-undang dimulai ketika Charlie Crist mendukung stimulus Presiden Obama sebesar $787 miliar.,false
"Menanggapi pertanyaan dalam wawancara CNN pada bulan Juli 2020 tentang apa yang akan terjadi jika wabah COVID-19 terjadi di sekolah, Menteri Pendidikan AS Betsy DeVos mengatakan, “Anda tidak dapat merencanakan sesuatu yang belum terjadi.”",false
"Jika Anda tidak ingin menggunakan USPS untuk mengirimkan surat suara, Anda mungkin dapat membawanya langsung ke Dewan Pemilihan Umum atau tempat pemungutan suara setempat untuk memastikan penerimaannya.",true
Perokok pasif membunuh 600.000 orang per tahun: studi WHO.,true
Perangkat dan aplikasi kualitas udara pintar membantu Anda bernapas lebih mudah,false
Latihan Vixen memadukan kebugaran kardio yang menarik dengan acara malam perempuan.,true
"""Perubahan iklim ""berhubungan langsung"" dengan pertumbuhan terorisme.""",false
Gas akan mencapai $4 per galon berdasarkan rencana pembatasan dan perdagangan.,false
Northam mengusulkan $22 juta untuk meningkatkan hasil kesehatan ibu.,true
"""Paket dari Tiongkok dapat menyebarkan virus corona""",false
"Buku ""Otak Pria"" menjelaskan cara berpikir pria.""",true
Novel 'Dracula' karya Bram Stoker menampilkan vampir tituler yang tidak dapat mengekspos dirinya ke sinar matahari dan dibunuh dengan tiang kayu.,false
PENYEMBUHAN KANKER? FDA MENGUMUMKAN GEN ASAL SERANGAN OBAT AGRESIF BARU,false
Treadmill Aneh Dapat Membantu Penyintas Stroke,true
Penangguhan apotek dicabut di West Virginia yang dilanda narkoba.,true
Mengapa Biogen menarik napas lega dengan data Alzheimer terbaru,true
"""CDC mengaitkan wabah cacing parasit dengan penggunaan ""pengisi cacing"" pada roti daging sapi McDonald's.""",false
Tidak ada data yang mengatakan bahwa zona bebas senjata telah menyelamatkan banyak nyawa.,true
"""Presiden Obama telah mulai menyita senjata"" ""secara paksa"".",false
Facebook telah melarang penjualan senjata api,true
Seng Dapat Mencegah dan Memperpendek Pilek,false
"Hillary Clinton Mengatakan Donald Trump berjanji untuk mencabut Obamacare, membangun tembok, melarang Muslim, dan banyak lagi.",true
"Pangeran menawan: Kate melahirkan anak laki-laki, di rumah saat makan malam.",true
Peringatan Medis: Pemerintah Menyetujui Pengobatan Depresi Baru,false
"Sebuah artikel yang diterbitkan dalam jurnal medis merujuk pada julukan untuk terapi penggantian hormon yang mencakup """"antiboyotik, cairan transmisi, dan Notorious H.R.T.""",true
"""Sebuah meme yang mengklaim bahwa serial animasi populer""""The Simpsons"""" meramalkan Greta Thunberg menyertakan gambar asli dan tidak berubah dari acara tersebut, dengan Lisa Simpson memelototi Donald Trump.""",false
Hong Kong akan mengkarantina semua pengunjung untuk menjaga keberhasilan upaya virus corona.,true
Para orang tua harus mewaspadai obat jalanan baru yang bentuknya seperti gummy bear yang dapat diberikan sebagai permen Halloween.,false
Universitas Waterloo mengembangkan cara baru untuk melawan penularan HIV,false
Statistik menunjukkan 2 hingga 3 wanita Texas per minggu mengalami komplikasi besar dan 10 wanita per minggu mencari bantuan di UGD setelah aborsi.,false
Baking Soda Meningkatkan Performa Atletik,false
Australia menjanjikan bantuan untuk wilayah Pasifik yang waspada terhadap virus corona ketika topan melanda.,true
Kafe sains menawarkan sedikit pembelajaran.,true
Beberapa nama terbesar dalam teknologi Tiongkok.,true
Kelaparan Tiongkok akan teripang mencapai kepulauan Sierra Leone.,true
Gedung Putih Meledak Dalam RAGE Setelah Obama Diundang ke Pernikahan Kerajaan – Trump DITOLAK.,false
Bernapas. Menghembuskan. Ulangi: Manfaat pernapasan terkontrol,false
"""Ebola """"sangat menular"", """"sangat mudah menular"""" dan """"mudah tertular.""",false
Ganja medis akan dijual di Connecticut pada musim panas: gubernur.,true
"""Seorang pria Alabama yang dicurigai menciptakan ""manusia kelabang di kehidupan nyata"" masih buron.""",false
Trump membatalkan gagasan lockdown di New York ketika jumlah kematian di AS melampaui 2.000.,true
Mahkamah Agung memutuskan 5-4 yang melarang penggunaan Al-Qur'an untuk sumpah.,false
Jumlah kematian akibat virus corona di Inggris mungkin jauh lebih tinggi dari yang ditunjukkan sebelumnya.,true
"""Charlie Crist Berkata Rick Scott"" ""berpendapat bahwa pemberi kerja harus dapat menolak cakupan perempuan untuk pengendalian kelahiran.""",true
"“Saat menggunakan masker medis, Anda harus menggunakan… sisi putihnya menghadap ke luar (ini adalah bagian filternya) ketika Anda tidak sakit.”",false
Penyemprotan anti nyamuk direncanakan di Rhode Island.,true
"Inggris membatalkan pesanan ventilator sederhana, membutuhkan ventilator yang lebih kompleks: sumber.",true
"Linda Collins-Smith, mantan politisi Arkansas yang ditembak mati pada Juni 2019, hendak bersaksi melawan Hillary Clinton.",false
"""Setelah Texas menghentikan bantuan untuk layanan kesehatan wanita termasuk klinik Planned Parenthood, """"lebih dari 150.000… wanita kehilangan satu-satunya layanan kesehatan yang mereka miliki. Angka kelahiran Medicaid kami melonjak. Hal ini merugikan pembayar pajak lebih dari $130 juta dalam satu tahun saja sebagai tambahan biaya kelahiran Medicaid.""",false
Pemandian uap vagina mendapat tempat di antara pilihan spa California Selatan,true
Hormon 'Ikatan' Mungkin Membantu Penderita Autisme,true
"""Seorang pria ditangkap karena diduga memaksa seorang wanita menonton miniseri Roots yang berdurasi sembilan jam untuk """"lebih memahami rasismenya.""",true
Epidemi opioid menunjukkan kecanduan yang terungkap dalam berita kematian.,true
Wanita Emirat bangun dari pingsan setelah 27 tahun.,true
Konsumsi kacang dapat membantu kelangsungan hidup kanker usus besar,false
Virus corona membawa pengiriman makanan tanpa kontak ke Amerika Serikat.,true
"""RUU stimulus ekonomi menciptakan sebuah dewan yang """"mencontoh dewan nasional yang mengendalikan sistem kesehatan Inggris.""",false
Kotak surat yang berapi-api dan anjing di dalam tas: melarikan diri dari kebakaran hutan California.,true
Kasus Ebola dilaporkan tidak jauh dari perbatasan Sudan Selatan.,true
Massachusetts mengumpulkan data tentang kemungkinan penyakit vaping.,true
Tingkat kematian ibu saat melahirkan di Texas merupakan yang tertinggi di negara ini.,true
Seorang wanita India melahirkan sebelas bayi laki-laki sekaligus.,false
"Ganja tingkat medis saja tidak akan membuat pasien ‘mabuk’, tidak peduli berapa pun kadar THC, CBD, atau senyawa lain yang ditemukan di dalam tanaman tersebut.",false
Studi menemukan 140.000 reaksi buruk terhadap antibiotik.,true
Groucho Marx melontarkan kata-kata cabul tentang cerutunya kepada kontestan wanita You Bet Your Life yang memiliki 19 anak.,false
Industri otomotif Jerman menyerukan insentif untuk meningkatkan permintaan mobil ramah lingkungan.,true
"""Planned Parenthood"" ""meraup keuntungan lebih dari $300 juta selama empat tahun terakhir.""",false
"""Mary Taylor mengatakan bahwa meskipun Anda tidak memiliki anak, """"di bawah Obamacare, Anda tetap harus memiliki asuransi yang mencakup perawatan anak, persalinan, dan bayi baru lahir meskipun Anda tidak membutuhkannya.""",false
Tingkat pembunuhan di Amerika 50 kali lipat dibandingkan negara maju lainnya.,false
Penghentian Tes PSA Bisa Menandakan Kanker Prostat Berisiko Rendah,false
Hanya tiga dari 10 dokter Texas yang saat ini menerima pasien Medicaid baru.,false
Menjauh dari kelumpuhan,false
"Anda tidak dapat memberikan aspirin kepada seorang anak di sekolah tanpa izin. Anda tidak dapat melakukan pengobatan apa pun, tetapi kami dapat secara diam-diam mengeluarkan anak tersebut dan melakukan aborsi.",true
Antidepresan jangka panjang bisa memperlambat Parkinson,false
Kemajuan dalam pengobatan untuk pembesaran prostat,false
"""Orang lanjut usia dan penyandang disabilitas"" harus berdiri di depan 'panel kematian' Obama sehingga para birokratnya dapat memutuskan, berdasarkan penilaian subyektif mengenai 'tingkat produktivitas mereka dalam masyarakat', apakah mereka layak mendapatkan layanan kesehatan.”",false
"""Polisi di Swedia mengakui bahwa mereka"" ""tidak lagi"" menyelidiki pemerkosaan sejak kedatangan migran.""",false
Semakin banyak pasien kanker yang mengangkat payudara kedua yang sehat,true
"Meski ada cerita horor, penumpang kapal pesiar California tidak akan membiarkan virus corona merusak kesenangan mereka.",true
"""Rencana layanan kesehatan Partai Republik"" akan memungkinkan perusahaan asuransi kesehatan untuk terus terlibat dalam praktik yang tidak adil dan diskriminatif seperti menolak perlindungan terhadap orang-orang karena kondisi medis yang sudah ada sebelumnya.""",true
"""Obat baru yang disebut Jenkem, dibuat dengan memfermentasi limbah mentah, adalah """"obat yang populer di sekolah-sekolah Amerika.""",false
"Postingan Facebook mengatakan bahwa para penipu yang mengenakan pakaian hazmat pergi dari rumah ke rumah di Stockton, California, dan mengatakan bahwa mereka sedang memeriksa demam atau COVID-19 pada penduduk, tetapi mereka “akan memasuki rumah Anda dan secara fisik mencoba melakukan perampokan.”",false
"Kecuali susu formula bayi, pemerintah federal tidak mewajibkan makanan apa pun memiliki tanggal kedaluwarsa, dan undang-undang negara bagian sangat bervariasi.",true
Biaya asuransi kesehatan untuk warga Florida naik 30 persen atau lebih.,false
Penjualan Obat AS Tumbuh pada Tingkat Paling Lambat Sejak 1961-IMS.,true
IKEA merilis iklan majalah yang memuat tes kehamilan.,true
Banyak penyintas kanker berjuang melawan stres trauma: belajar.,true
"""Roger Ebert menyebut dirinya """"bahagia"""" meski menjalani operasi.""",true
Sidang dimulai tentang nasib satu-satunya klinik aborsi di Missouri.,true
Email yang diteruskan tampaknya merupakan artikel yang menampilkan temuan ahli mikrobiologi Anne LaGrange Loving yang menemukan bahwa dua pertiga lemon yang diuji dari 21 restoran terkontaminasi bakteri ketika ditambahkan sebagai irisan ke dalam minuman.,true
Loker obat membantu tunawisma di Miami yang hidup dengan HIV.,true
"""Seorang dokter CDC yang memperingatkan masyarakat bahwa suntikan flu telah menyebabkan ""epidemi flu yang mematikan"" ditemukan tewas:""",false
Kegembiraan ganda sebagai ibu dari satu-satunya anak kembar panda raksasa di AS yang hamil lagi.,true
Pejabat Tiongkok menyelidiki penyebab wabah pneumonia di Wuhan.,true
National Science Foundation memberikan $700.000 untuk mendanai musikal perubahan iklim.,true
"""Tablet Tumbuh Gigi Hyland telah dihentikan karena menyebabkan"" efek samping """" pada anak-anak.""",true
Seorang ahli bedah AS yang mengungkap “korupsi Clinton Foundation di Haiti” ditemukan tewas di rumahnya dalam keadaan yang mencurigakan.,false
Kecelakaan pesawat menawarkan peluang dan jebakan pemasaran bagi rumah sakit.,true
Penurunan Aktivitas Influenza Selama Pandemi COVID-19 - Amerika Serikat,true
Realitas virtual untuk membantu mendeteksi risiko dini Alzheimer,false
Pola gen memprediksi siapa yang akan hidup paling lama.,true
Wanita terus berjuang 2 tahun setelah tumor otak mengubah hidupnya.,true
"Anggota parlemen NY akan meninjau kesehatan sekolah, P.E. program.",true
Gubernur Georgia Brian Kemp “memerintahkan restoran dibuka kembali”,false
"""Kata"" ""maga"" berarti """" idiot yang mudah ditipu """" dalam bahasa Pidgin Nigeria.",true
Pil Mengobati Fibroid yang Menyakitkan,false
"""Jill Stein Mengatakan ilmuwan iklim James Hansen mengatakan """"kita punya waktu hingga mungkin 50 tahun dari sekarang,"""" atau mungkin sedikit lebih lama lagi """"dan pada saat itu, kita sedang melihat kenaikan permukaan laut sebesar 10, 20, 30 kaki.""",false
"Christine Blasey Ford terkait erat dengan CIA, dan tuduhan pelecehan seksual terhadap Brett Kavanaugh adalah bagian dari plot CIA.",false
Artikel merinci upaya istri John Glenn mengatasi kegagapan.,true
Penyebab nomor satu kematian anak adalah kecelakaan yang dapat dicegah.,true
Texas akan melegalkan ganja untuk penggunaan pengobatan dan rekreasi.,false
"Statin mengurangi risiko kematian akibat penyakit jantung sebesar 28% pada pria, menurut penelitian",false
"""Senat Texas """"menyetujui rancangan undang-undang untuk memberi label khusus pada kartu asuransi siapa pun yang membeli paket melalui Obamacare"""" yang menyertakan huruf """"S"""" untuk subsidi.""",false
"""Prakiraan Fakta Mengatakan Scott Walker menjalankan pemerintahan negara bagian yang melarang"" ""pegawai berbicara tentang perubahan iklim.""",false
"Trump memberikan dana talangan kepada Wall Street, namun tidak kepada Main Street.",false
Staf di Rumah Sakit Gold Coast di Australia melakukan permainan bola voli Wilson untuk menemani Tom Hanks di karantina setelah dia didiagnosis mengidap virus corona.,false
Ahli biologi AS menyelidiki kematian 70 paus abu-abu yang kurus kering.,true
"Pada 18 September 2020, pengguna Twitter @JohnCammo memperkirakan bahwa Presiden AS Donald Trump akan mengumumkan pada bulan Oktober bahwa ia dinyatakan positif COVID-19.",true
Seorang wanita Newark ditangkap karena memperkosa dan membunuh putranya yang masih balita.,false
"""Permohonan senjata tersembunyi di Oregon mencakup""""nomor telepon rumah, alamat rumah, nomor Jaminan Sosial, jenis senjata apa yang Anda miliki di rumah… apakah Anda diberhentikan secara tidak hormat dari militer, zat terlarang apa yang Anda gunakan dan  apakah Anda pernah dituduh -- dituduh, ingatlah -- melakukan penguntitan.""",true
"""Dari tahun 2000 hingga 2008, rata-rata kami mencatat sekitar lima penembakan massal dalam setahun. Sekarang rata-rata terjadi 15 penembakan massal. Jadi, ini merupakan peningkatan tiga kali lipat.""",false
Wabah penyakit baru yang disebabkan oleh hantavirus telah terdeteksi di Tiongkok.,false
Facebook mendonasikan $1 untuk setiap foto yang dibagikan guna mendanai pengobatan tumor anak anjing.,false
Umat ​​​​Muslim dilarang berimigrasi ke Amerika Serikat pada tahun 1952 berdasarkan ketentuan Undang-Undang Imigrasi dan Kebangsaan.,false
Seorang pria di New York diduga menginfeksi 240 orang dengan virus HIV melalui tidur dengan pria dan wanita.,false
Virus PED pembunuh babi menyebar ke peternakan kedua di Kanada.,true
Para ilmuwan memperingatkan satu juta spesies terancam punah.,true
Seorang wanita meninggal di Spanyol karena wabah listeria pada daging babi yang membuat sakit 114.,true
Sebuah penelitian membuktikan bahwa Anda ribuan kali lebih mungkin dibunuh oleh dokter daripada senjata di Amerika Serikat.,false
"""Caddy McKeown Berkata """"Seorang bayi di Coos County dua kali lebih mungkin dilahirkan dari ibu yang menggunakan tembakau selama kehamilannya dibandingkan rata-rata bayi yang lahir di Oregon atau AS.""",true
"""Tingkat kelulusan tes tingkat sekolah menengah untuk bergabung dengan militer"" adalah 35 hingga 40 persen.""",false
Teknik MRI membedakan lesi payudara jinak dari keganasan,false
Perdagangan obat darah mendapat keuntungan dari risikonya,true
"""CDC memiliki """"pengetahuan tingkat lanjut"""" tentang wabah COVID-19 pada November 2019.""",false
"Hanya 56 kematian akibat virus corona dalam sehari sudah cukup untuk meruntuhkan perekonomian dunia, meskipun ribuan orang meninggal setiap hari karena tuberkulosis, hepatitis B, dan penyakit lainnya.",false
Penduduk Sydney menemukan tempat menyenangkan mereka menikmati ombak di 'Fluoro Friday'.,true
Sebuah daftar berisi pernyataan tentang pemerkosaan yang dibuat oleh politisi Partai Republik.,true
"Hillary Clinton pernah berkata bahwa ""perempuan selalu menjadi korban utama perang.""",true
"""Semua orang yang terkena COVID-19 meninggal""",false
Sebuah gambar menunjukkan petugas Divisi Tempat Duduk dan Pakaian Khusus United Airlines yang bersenjata lengkap.,false
"‘Kebangkitan dramatis’ penyakit campak terlihat di Eropa, lapor WHO.",true
Pembedahan mencegah kanker payudara pada wanita berisiko tinggi.,true
"""Hillary Clinton Mengatakan Donald Trump mendukung """"agenda di luar sana"""" untuk memprivatisasi sistem perawatan kesehatan Urusan Veteran.""",false
Postingan Facebook Mengatakan Gubernur Wisconsin Tony Evers “ingin memaksa penduduk untuk mendanai bisnis aborsi Planned Parenthood.”,false
"""Donald Trump menyebut """"tujuh sebelas"""" dan bukannya """"sembilan sebelas"""" ketika mengacu pada serangan teroris 11 September.""",true
Thailand akan mengesampingkan paten obat kanker.,true
"Actavis UK menaikkan harga obat sebesar 12.000 persen, demikian temuan lembaga pengawas.",true
Akupunktur Meringankan Depresi pada Kehamilan,false
Stryker Meluncurkan Sistem Pelapisan Lutut Parsial.,true
Delta Airlines membuat poster yang mendesak para pekerja untuk membeli konsol video game dengan iuran serikat pekerja.,true
Sebuah gambar memperlihatkan bagian dalam mulut penyu belimbing.,true
Rencana cakupan obat CVS berdasarkan tinjauan harga dari luar dimulai dengan lambat.,true
"Penurunan berat badan ditambah vitamin D mengurangi peradangan yang terkait dengan kanker, penyakit kronis",true
Kematian pertama akibat virus corona di Pakistan mengungkap kerentanan negara tersebut.,true
Mengendarai Lautan untuk Memerangi Penuaan,false
Cabang Teva di Inggris menarik kembali sejumlah produk Ranitidine: Pengawas obat-obatan.,true
Kesepakatan anggaran menempatkan akses terhadap layanan kesehatan di atas pembatasan biaya.,true
NORAD setiap tahun melacak kemajuan Sinterklas karena seorang anak yang mencoba menghubungi Sinterklas melalui iklan surat kabar menelepon nomor telepon yang salah.,true
Sebuah email yang diteruskan menceritakan kisah seorang pasien muda Palestina yang mengalami luka bakar yang tertangkap memasuki Israel dengan mengenakan sabuk bunuh diri dengan rencana untuk meledakkan para dokter yang menyelamatkan nyawanya.,true
Monsanto berencana mengganti lebah madu yang dimusnahkan oleh pestisida dengan semut hasil rekayasa genetika.,false
"Dukungan Baru untuk Kelahiran di Rumah Dewan Inggris NICE, secara mengejutkan, menetapkan bahwa melahirkan bayi di rumah lebih aman daripada di rumah sakit pada beberapa kehamilan berisiko rendah",true
"Jika Anda memiliki keluarga, upah minimum saat ini dengan mudah membuat Anda memenuhi syarat untuk mendapatkan kupon makanan.",true
Petani Colorado ditahan di rumah karena wabah listeria tahun 2011.,true
"Menurut pakar bahasa tubuh, foto Presiden Obama menangis mengungkapkan bahwa dia adalah seorang psikopat.",false
Doctor at Missouri abortion clinic defends patient care.,true
Michael Schraa Mengatakan penggunaan masker “terbukti tidak efektif.”,false
"Pendidikan, perubahan iklim, layanan kesehatan menjadi agenda anggota parlemen.",true
“Rumah sakit di negara bagian New York melaporkan ribuan infeksi jamur paru-paru karena memakai masker !!”,false
"""Karl Rove Mengatakan Hillary Clinton menghabiskan 30 hari di rumah sakit pada tahun 2012 dan muncul """"mengenakan kacamata yang hanya untuk orang yang mengalami cedera otak traumatis.""",false
Hampir 3.400 kasus Hepatitis A dilaporkan di Florida pada tahun 2019.,true
New York menyerukan untuk memasukkan mentol dalam larangan tembakau beraroma.,true
Kelompok AS membombardir dokter dengan petisi virus corona untuk memotong 'birokrasi'.,true
"""Kesepakatan Iran"" ""mempercayai Iran untuk memeriksa diri mereka sendiri.""",false
AS meluncurkan rencana masa kanak-kanak yang menurut para kritikus gagal.,true
Daerah Montana menghadapi keluhan diskriminasi transgender.,true
Gugatan: Pentagon menyembunyikan informasi dari para pendukung veteran.,true
Pemindaian yang Menyelamatkan Hidup Saya,false
"Maaf, nomor salah: Tolok ukur statistik mendapat kecaman.",true
"""Diagnosis COVID-19 oleh Presiden AS Donald Trump mendorong peluncuran """"pesawat kiamat."""" """,false
"Kepribadian 'Mob Wives', Big Ang, meninggal karena kanker.",true
Seorang pedofil yang merupakan bagian dari geng yang membius dan memperkosa bayi ditemukan tewas di sel penjara dengan penisnya dipotong.,false
Dallas Cowboys tidak bisa menempelkan stiker di helm mereka untuk 5 petugas polisi yang terbunuh.,true
Brian Kilmeade Mengatakan penerima kupon makanan Colorado dapat menggunakan ATM untuk mendapatkan uang tunai guna membeli mariyuana.,false
Botol soda plastik yang tertinggal di pekarangan warga yang tidak curiga bisa jadi adalah bom botol.,true
Kemajuan dicapai pada pankreas buatan untuk pasien diabetes,false
Detektif media sosial menghadapi ahli herbal misterius Dr. Sebi.,true
Orang kidal meninggal lebih muda dibandingkan orang kidal.,false
"""Pada malam terakhir Majelis Umum, """"pada pukul 11, 95 hingga 98 persen urusan telah selesai. Jadi kami benar-benar tidak mengadakan sesi larut malam itu. Kami hanya berpegang pada satu rancangan undang-undang.""",false
Penelitian pria California membawanya ke Pusat Terapi Proton Beaumont di Michigan,false
Hillary Clinton dipecat dari penyelidikan Watergate Komite Kehakiman DPR oleh Kepala Penasihat Jerry Zeifman.,false
Viking memperkenalkan truk makanan komunitas untuk melayani generasi muda yang kelaparan.,true
Kebakaran hutan di Australia memusnahkan separuh koloni koala dan mengancam lebih banyak lagi.,true
Penelitian baru dari Arizona State University menunjukkan bahwa letusan super dahsyat dari kaldera Yellowstone bisa terjadi lebih cepat dari perkiraan sebelumnya.,false
"Produksi vaksin flu menyebabkan virus influenza bermutasi menjadi jenis yang lebih ganas, sehingga memicu musim flu yang mematikan pada tahun 2017-2018.",false
"Samoa memperpanjang keadaan darurat campak, Selandia Baru untuk mendanai kampanye vaksinasi di Pasifik.",true
"Simpanse memiliki beragam ‘budaya’ yang penting untuk konservasi, kata penelitian.",true
Akupunktur Mungkin Menjadi Obat Penghilang Rasa Sakit yang Efektif di UGD,false
"Herman Cain Berkata """"di Kanada, jumlah mesin CT scan per 1.000 orang setara dengan sepersepuluh dari apa yang kita miliki di negara ini. Itu sebabnya orang harus menunggu.""",false
Penampilan paruh waktu Lady Gaga di Super Bowl 2017 berbentuk ritual setan.,false
Polisi Spark menyita puluhan senjata api dari rumah hingga sekolah.,true
“Anyaman rambut dan bagian depan renda yang diproduksi di Tiongkok mungkin mengandung virus corona.”,false
Seorang pria yang menggunakan garam mandi melaporkan bahwa rakun telah membakar rumahnya dan mencuri ponselnya.,true
Pembunuh bayaran Bill Clinton mengaku di ranjang kematiannya.,false
Sebuah foto menunjukkan satu cawan petri yang dibatukkan oleh orang yang tidak memakai masker dan satu lagi cawan petri yang dibatukkan oleh orang yang sama yang memakai masker.,true
Jumlah orang yang mencapai usia 90 tahun meningkat tiga kali lipat sejak tahun 1980: laporkan.,true
Gambar viral mengatakan Chadwick Boseman diracun dan kematiannya sedang diselidiki sebagai pembunuhan.,false
"Tentang mengizinkan aborsi dalam kasus pemerkosaan atau inses, Saya tidak pernah mengatakan atau menganjurkan hal itu.",false
Gugus tugas baru untuk merekomendasikan kebijakan kesehatan mental perguruan tinggi.,true
"Austin adalah orang nomor satu di Texas dalam bidang startup, modal ventura, dan paten.",true
NYC bergabung dengan kota-kota di seluruh dunia yang berbaris untuk membela ilmu pengetahuan.,true
Trump berspekulasi bahwa Tiongkok melepaskan virus di laboratorium karena sebuah 'kesalahan'.,true
Para ilmuwan menemukan biomarker yang dapat menghasilkan pengobatan yang lebih baik untuk pasien CF,false
Data awal menunjukkan rata-rata kelangsungan hidup pasien kanker pankreas yang tidak dapat dioperasi mencapai hampir 2x lipatnya,true
Klaim bahwa Senator Mitch McConnell mengidap polio saat masih anak-anak dan layanan kesehatan gratis dari pemerintah menyelamatkan nyawanya mulai beredar ketika McConnell memimpin upaya Senat Partai Republik untuk mencabut dan mengganti Obamacare pada bulan Juni 2017.,false
Seorang gadis Wisconsin berusia 12 tahun meninggal akibat menerima vaksin HPV Gardasil.,false
Email ini menyatakan bahwa AC pada mobil tahun 1985 hingga 1998 mengandung racun yang berbahaya dan mengeluarkan gas yang merupakan penyebab utama penyakit Alzheimer dan kanker paru-paru.,false
Pemeriksaan jantung: Kebanyakan angioplasti tidak diperlukan,true
Sebuah email beredar yang membahas tentang seorang wanita di Texas yang keluarganya mengalami berbagai masalah kesehatan yang menurutnya disebabkan oleh kandungan timbal dalam beberapa lilin.  Email tersebut memperingatkan bahwa membakar lilin di rumah dapat menyebabkan masalah kesehatan.,true
Terapi MS menunjukkan harapan dalam ujian,true
G7 diperintahkan untuk mengambil tindakan terhadap antibiotik ketika bakteri super yang menakutkan menyerang AS.,true
Sisa-sisa Chevrolet Impala yang dilengkapi JATO ditemukan tertanam di sisi tebing di gurun Arizona.,false
Negara bagian India yang paling parah terkena dampak ensefalitis telah membalikkan keadaan.,true
Kandungan jamur ajaib terbukti meredakan kecemasan dan depresi pada pasien kanker dalam satu dosis,true
"Studi: Angioplasti ginjal membawa risiko, tidak ada manfaatnya",true
Gambar menunjukkan Joe Biden dan Kamala Harris di acara kampanye tanpa masker.,false
"Pada bulan Agustus 2017, para ilmuwan NASA menyatakan bahwa artefak """"Our Lady of Guadalupe"""" di Meksiko adalah """"hidup"".",false
Texas memimpin negara dalam hal kematian hewan akibat natrium sianida M-44.,true
Menghadiri Acara Olahraga,true
Ada hampir 1.000 kematian terkait narkoba di Skotlandia tahun lalu.,true
"""Presiden Barack Obama menyarankan di TV nasional bahwa RUU layanan kesehatan Partai Demokrat """"akan membuat pemerintah memutuskan"""" bahwa seorang wanita sehat berusia 100 tahun yang membutuhkan alat pacu jantung """"harus meminum pil pereda nyeri"""" sebagai gantinya.""",false
"""Perusahaan asuransi kesehatan menolak"" ""1 dari 5 perawatan yang diresepkan oleh dokter.""",false
Sebuah kamera jejak di Alabama mengambil foto kaki mengerikan makhluk tak dikenal pada bulan Maret 2018.,false
Tes HPV lebih baik dibandingkan tes Pap dalam mendeteksi kanker serviks,true
Suplemen kreatin mungkin bermanfaat bagi wanita penderita osteoartritis lutut,false
"Lebih dari 73% dari seluruh donasi yang terkumpul (dari ALS Ice Bucket Challenge) digunakan untuk penggalangan dana, overhead, gaji eksekutif, dan donasi eksternal.",false
“Kelompok LGBT menambahkan huruf “P” pada nama mereka untuk mewakili pedoseksual.”,false
Pengobatan HIV Dovato dua obat GSK memenuhi tujuan utama dalam penelitian.,true
"Lansia Amerika optimis mengenai penuaan, masa depan: survei.",true
Asupan vitamin E yang lebih tinggi dikaitkan dengan risiko demensia yang lebih rendah,true
"Senator Elizabeth Warren pernah berkata: """"Melakukan aborsi tidak ada bedanya dengan seseorang yang amandelnya diangkat.""",false
Perawatan dapat menenangkan pikiran yang bising,false
Baxter mengingat sisa produk botol heparin.,true
Tonggak baru untuk perangkat yang bisa 'mencium' kanker prostat,false
"Ini adalah foto surat dari C. Dennis Packee dari Harley-Davidson milik Reiman di Kewanee, Illinois, kepada Christopher dan Jamie Walters. Surat tersebut menjelaskan bahwa Reiman akan menyimpan sepeda motor keluarga Walters tanpa dipungut biaya. Ini adalah cara mereka mengucapkan terima kasih kepada anggota militer yang telah ditempatkan.",true
"Permaisuri Jepang berusia 56 tahun, masih dalam tahap pemulihan kesehatan mentalnya.",true
Petugas pemadam kebakaran di Bolivia kehilangan harapan untuk menjinakkan api karena luas area yang terbakar bertambah dua kali lipat.,true
"Ahli saraf, penulis Oliver Sacks meninggal pada usia 82 tahun.",true
Roti atau biji-bijian berjamur menjadi penyebab kematian angsa Kanada.,true
"Aspartam pemanis buatan bertanggung jawab atas epidemi kanker, tumor otak, dan multiple sclerosis.",false
Pasien HIV di London menjadi harapan penyembuhan AIDS kedua di dunia.,true
NASA memohon kepada penonton peluncuran astronot: Harap tetap di rumah!.,true
"Setelah laporan Reuters yang merusak, J&J menggandakan pesan keamanan talk.",true
Covidien untuk berhenti membuat alat hipertensi.,true
Laurie Monnes Anderson Mengatakan dia adalah perawat terdaftar.,false
Suatu bentuk terapi yang melibatkan hidrogen peroksida nebulasi dapat mencegah penggunanya tertular COVID-19.,false
Departemen Kehakiman AS mengakui bahwa vaksin flu adalah vaksin paling berbahaya di Amerika.,false
“Negara Bagian Florida telah mengumumkan langkah-langkah bahwa semua tempat kerja dengan 10 karyawan atau lebih harus membayar cuti wajib untuk menghindari penyebaran virus corona COVID-19 mulai tanggal 6 Maret 2020. Semua sekolah akan ditutup selama 2 minggu juga mulai tanggal 6 Maret.”,false
Mengemudi pulang dari shift malam mungkin lebih aman dengan terapi cahaya,true
Kecemasan Inggris menjadi pusat perhatian di festival ide Hay.,true
Pelajari bukti awan tentang kedelai dan menopause,true
Virgin Galactic menyelesaikan penerbangan luncur pertama di New Mexico.,true
Program Pitt untuk mencegah diabetes menunjukkan harapan,false
Vegetarian tidak terpengaruh oleh COVID-19 karena virus ini ditularkan melalui makan daging.,false
Tingginya kadar sulfur dioksida di Wuhan “mungkin merupakan tanda kremasi massal korban virus corona.,false
Spesialis militer AS di Liberia akan melakukan pengujian Ebola: umum.,true
"“Masker yang diproduksi di Tiongkok, misalnya, digunakan untuk konsumsi domestik dan perjuangan mereka melawan virus” sementara AS “sebagian besar tidak dapat mengimpor pasokan dari Tiongkok.”",false
Amerika Serikat menyumbang empat persen populasi dunia dan 25 persen kematian global akibat COVID-19.,true
RUU Missouri akan melarang diskriminasi karena tidak melakukan vaksinasi.,true
"Kata 'bercinta' berasal dari frasa akronim, 'Untuk Pengetahuan Duniawi yang Melanggar Hukum' atau 'Percabulan di Bawah Persetujuan Raja.'",false
Beberapa warga Dakota Utara beralih ke Kanada untuk mendapatkan pil resep.,true
Ada beberapa tempat di Amerika yang termasuk paling berbahaya di dunia. Anda pergi ke tempat-tempat seperti Oakland. Atau Ferguson. Jumlah kejahatan lebih buruk. Dengan serius.,false
AS menghadapi tantangan yang ‘sangat berat’ dalam hal kebutuhan tes COVID.,true
Rick Baker Mengatakan Rick Kriseman melebihi anggaran $35 juta untuk kantor polisi baru di St.,false
"Branagh, Friel di antara pemenang Penghargaan Emmy Internasional.",true
Pengunjung Walk of Fame Hollywood secara teratur buang air besar di depan bintang Donald Trump.,false
"""Rob Portman Mengatakan klinik aborsi di luar negara bagian """"telah memasarkan layanan mereka kepada anak di bawah umur"""" di negara bagian yang memiliki undang-undang izin orang tua.""",true
"""Perawatan preventif """"menghemat uang.""",false
Flu disalahkan atas kematian anak lain di negara bagian Washington.,true
"Dolly Kyle melontarkan tuduhan tentang Hillary Clinton dalam bukunya, “Hillary the Other Woman.”",false
Hakim Texas: Rumah Sakit dapat mencabut bayi dari alat bantu hidup.,true
Masuk rumah sakit jauh lebih berisiko dibandingkan terbang: WHO.,true
Mammogram Mungkin Bukan Bukti Bodoh dalam Menangkap Kanker Kedua,true
Hillary Clinton mengatakan Presiden Donald Trump “masih belum mengatakan apa pun sebagai presiden Amerika Serikat mengenai hadiah atas pasukan Amerika.”,false
FDA telah menyetujui vaksin berbasis heroin untuk anak-anak untuk memberantas cacar air.,false
Wawasan: Sains untuk disewa - Uji coba atas plastik memperlihatkan defisit pengungkapan.,true
Afrika Selatan mengecam Big Pharma dalam perselisihan obat generik.,true
DASH dinobatkan sebagai diet terbaik secara keseluruhan untuk tahun kelima: laporan.,true
Defibrilator rumah menyelamatkan nyawa dalam studi,true
Para pejabat wilayah Timur Laut bekerja sama untuk mendorong peraturan ganja dan vaping.,true
Pemadaman layanan seluler pada tanggal 15 Juni 2020 memungkinkan Apple dan Google secara diam-diam memasang aplikasi pelacakan COVID-19 ke ponsel.,false
Kutu busuk flu semakin kebal terhadap obat-obatan: studi.,true
"""Pengobatan rumahan dapat menyembuhkan dan melindungi terhadap COVID-19""",false
Perburuan makam kerajaan kuno di Meksiko berlangsung cepat.,true
"South Dakota melaporkan 1 kematian akibat virus corona lagi, 95 kasus baru.",true
"""SARS-CoV-2 hanyalah bentuk mutasi dari flu biasa""",false
Cecile Richards mengundurkan diri sebagai pemimpin Planned Parenthood.,true
Washington telah memberi insentif pada militerisasi kepolisian setempat.,true
Apa itu pandemi COVID-19 dan pandemi flu tahun 1918,true
Pejabat kesehatan menyampaikan kekhawatiran mengenai wabah hepatitis A.,true
Para ilmuwan merencanakan perburuan DNA monster Loch Ness bulan depan.,true
File yang dirilis oleh FBI membuktikan bahwa Adolf Hitler melarikan diri dari Jerman ke Argentina.,false
"""RUU imigrasi Senat """" segera disahkan... dan keamanan perbatasan akan terjadi di masa depan, dan seperti pada tahun 1986, rancangan undang-undang tersebut dirancang untuk tidak pernah terwujud.""",false
Organisasi Kesehatan Dunia telah menyatakan bahwa mariyuana medis tidak memiliki risiko kesehatan.,false
Inggris kehilangan alasan untuk menunda penyerahan rencana polusi udara.,true
"""Samir Chachoua Mengatakan dia menyembuhkan Charlie Sheen dan pulau Komoro dari HIV dengan """"susu dari kambing, yang menderita radang sendi.""",false
Perangkat hipertensi baru Medtronic gagal dalam uji coba.,true
Direktur NIAID Dr. Anthony Fauci mengkritik keputusan pemerintahan Trump yang memberlakukan pembatasan perjalanan di Tiongkok untuk membendung penyebaran COVID-19.,false
"""Paus Fransiskus memperingatkan tentang ""kejahatan"" dari melegalkan narkoba.""",true
Sembilan juta orang mendapatkan pengobatan HIV/AIDS yang lebih murah berkat upaya Clinton Foundation dan suami saya.,true
Tiongkok mengambil langkah kecil dalam mempersempit ketidakseimbangan gender.,true
Gel vagina mengurangi kelahiran prematur pada beberapa wanita,true
Ventilator menerima persetujuan pertama dalam perang melawan virus corona di Inggris.,true
Selebriti TV dan penulis makanan Anthony Bourdain berencana mengungkap jaringan pedofil pada saat kematiannya.,false
Oregon mencatat kasus pertama penyakit anak yang terkait dengan virus.,true
Ada negara-negara di Afrika yang memiliki tingkat vaksinasi lebih tinggi dibandingkan di Amerika Serikat.,true
"""Beberapa negara bagian yang paling terkena dampak kematian akibat opioid"" ""memiliki lebih banyak resep opioid dibandingkan penduduknya.""",true
Kelahiran monyet merupakan sebuah langkah untuk menyelamatkan kesuburan anak laki-laki penderita kanker.,true
Tubuh Boomer: Pendekatan Baru Untuk Menghilangkan Rasa Sakit,false
1 kematian akibat meningitis bakterial yang dikonfirmasi di North Carolina.,true
Minum air dingin setelah makan menimbulkan efek samping yang tidak menyenangkan dan bertahan lama.,false
Mencoba alat pacu jantung untuk menghilangkan penyakit kejiwaan,true
Barack Obama “adalah mantan presiden pertama yang menentang penggantinya.”,false
"Ketakutan, harapan menandai kehidupan di pusat Ebola di Sierra Leone: Saksi.",true
Tes Baru untuk Kanker Usus Besar Sedang Dikembangkan,false
Kita adalah satu-satunya negara industri yang sangat bergantung pada industri asuransi kesehatan nirlaba untuk menyediakan layanan kesehatan dasar.,true
"Tokoh media Inggris Piers Morgan menulis surat terbuka yang pedas kepada Presiden AS Donald Trump, menandai berakhirnya persahabatan mereka selama bertahun-tahun.",true
"Studi Baru Menunjukkan Ketamine Dapat Meregenerasi Sel Otak, Meredakan Depresi dengan Manfaat Abadi",false
Terapi kombinasi prostatektomi ditambah radioterapi dapat meningkatkan kelangsungan hidup pada kanker prostat,true
"""Joseph Maldonado-Passage, lebih dikenal sebagai Joe Exotic dari""""Tiger King,"""" mengidap penyakit virus corona COVID-19.""",false
Seseorang memasukkan tampon ke dalam minuman Starbucks milik petugas polisi Los Angeles.,false
Apa Perbedaan Penguburan COVID-19 dengan Penguburan Ebola,true
Sebuah postingan viral di Facebook memperingatkan bahwa makanan anjing Nylabone beracun dan dapat menyebabkan kejang.,false
"Beragam rumor beredar seputar peristiwa pengeboman pada Marathon 15 April 2013 di Boston, MA.  Sedikitnya tiga orang tewas dan 140 orang luka-luka akibat dua bom yang meledak di dekat garis finis.",false
Wabah Hepatitis A yang besar di San Diego disebabkan oleh imigran tidak berdokumen di sana.,false
Ibu berkata transplantasi paru-paru gadis Pennsylvania berhasil.,true
Keluarga yang tercakup dalam Kelompok Berpenghasilan Rendah adalah kelompok individu yang berbeda dengan yang tercakup dalam Obamacare.,false
Klinik Belgia memperbaiki tulang dengan teknik baru.,true
Kekurangan amunisi massal diperkirakan terjadi karena Presiden Obama dan EPA menutup pabrik peleburan timah Doe Run,false
Gubernur menguraikan upaya untuk meningkatkan layanan kesehatan mental.,true
"""Manfaat yang dibiayai pembayar pajak bagi orang-orang ilegal"" di California adalah """"biaya yang meroket di bawah Obamacare.""",false
BrainStorm mengatakan sel induk membantu pasien dengan ALS dan MG.,true
Wisconsin “jelas melihat penurunan infeksi COVID”,false
"Di tengah kritik, Macron berjanji untuk meningkatkan produksi peralatan medis untuk mengatasi virus corona.",true
Laporan yang sangat mirip dengan plot “Back to the Future II” mengklaim bahwa Michael J. Fox telah ditangkap karena taruhan olahraga orang dalam.,false
Seekor anak sapi bison disuntik mati di Taman Nasional Yellowstone setelah wisatawan yang bermaksud baik memasukkannya ke dalam mobil agar tetap hangat.,true
Kota New York akan melarang hot dog dan daging olahan dalam upaya memerangi perubahan iklim.,false
"Wolf akan melonggarkan pembatasan di tempat lain, namun masih memiliki kekhawatiran.",true
Eylea mengungguli Avastin untuk edema makula diabetik dengan kehilangan penglihatan sedang atau lebih buruk,true
"Bertentangan dengan Trump, laporan pemerintah AS mengatakan perubahan iklim akan berdampak buruk pada perekonomian.",true
Minum air rebusan bawang putih akan menyembuhkan COVID-19.,false
"Senator AS Kamala Harris berkata, """"Jika terpilih [presiden] dan Anda tidak menyerahkan senjata Anda, saya akan menandatangani perintah eksekutif dan polisi akan muncul di depan pintu Anda.""",false
Mencuci filter serat di pengering pakaian dapat membantu meningkatkan kinerja dan masa pakai peralatan tersebut serta menghindari kebakaran.,true
“CDC dapat menahan siapa pun yang menderita demam – tanpa batas waktu.… Vaksinasi (adalah) cara agar orang bisa keluar dari tahanan.”,false
Tidak Pernah Terlalu Tua untuk Menjadi Donor Organ,false
Tingkat investasi ekstra di NHS telah turun sebesar 68% sejak tahun 2010.,true
Seorang dokter Italia menemukan obat yang sangat sederhana untuk multiple sclerosis pada bulan April 2016.,false
CDC mengatakan mereka “melakukan kesalahan” dan mengurangi jumlah kasus COVID-19 di Florida dari 90.000 menjadi 11.000.,false
"Keluarga Walton, pemilik Wal-Mart, menguasai kekayaan yang setara dengan gabungan kekayaan 42 persen penduduk terbawah Amerika.",true
Video Planned Parenthood yang menyamar mengklaim bahwa kelompok tersebut menjual bagian tubuh janin dari aborsi parsial untuk mendapatkan keuntungan.,false
Wendy Davis menentang batasan apa pun terhadap aborsi.,false
"Sebagai gubernur Florida, saya membubarkan dana Planned Parenthood.",true
Petunjuk virus corona? Sebagian besar kasus di kapal induk AS tidak menunjukkan gejala apa pun.,true
Kongres menyelidiki persetujuan proyek perumahan pendukung Trump.,true
Para peneliti memperingatkan bahaya merokok dan perlunya penggunaan varenicline yang lebih luas untuk berhenti merokok,false
Bolsonaro dari Brasil meremehkan risiko virus corona ketika kasusnya mencapai 1.500.,true
Masker wajah mungkin menjadi 'normal baru' dalam kehidupan pasca-virus ketika AS bersiap untuk membuka kembali aktivitasnya secara bertahap.,true
Perawatan Obat MS Menunjukkan Janji,false
Data menunjukkan lebih banyak tingkat imunisasi yang berada di bawah pedoman.,true
"“Demokrat mendorong microchip yang ditanamkan pada manusia, dan semua orang harus divaksinasi.”",false
"Colorado memperkenalkan program pengendalian kelahiran gratis, menyebabkan penurunan angka kelahiran tidak terencana dan aborsi, serta menghemat jutaan dolar.",true
"“Ratusan laboratorium siap, bersedia, dan mampu.”",false
"Ilmu pengetahuan tidak akan berhenti sampai penyakitnya mengalahkan AIDS, kata pionir HIV.",true
"""Rachel Maddow Mengatakan item anggaran Ohio yang kemudian ditandatangani menjadi undang-undang oleh Gubernur John Kasich mewajibkan perempuan yang ingin melakukan aborsi untuk menjalani  """"pemeriksaan vagina wajib"".",false
"Portugal memperpanjang lockdown virus corona, menjanjikan masker dan sabun tangan.",true
Sisipan Mata Pengeluaran Obat Glaukoma Menunjukkan Janji sebagai Pilihan Baru bagi Pasien yang Berjuang untuk Meminum Obat Tetes Mata Resep Harian,true
Anak-anak keturunan Afrika-Amerika 500 persen lebih mungkin meninggal karena asma dibandingkan anak-anak kulit putih.,true
National Football League menikmati status bebas pajak sebagai organisasi nirlaba.,false
Pengecer Korea Selatan merilis rokok elektrik cair beraroma.,true
"“Swedia tidak menerapkan lockdown” dan “kondisinya tidak lebih buruk dari Denmark atau Norwegia,” yang menerapkan lockdown.",false
Jaringan Hobby Lobby menutup semua tokonya sebagai protes atas mandat kontrasepsi federal.,false
Obat Yang Menghentikan Pendarahan Bisa Menyelamatkan Nyawa,true
Pengusaha Perancis meluncurkan tes untuk mendeteksi daging babi dalam makanan.,true
Perkemahan musim panas adalah upaya terbaru dalam memerangi wabah campak.,true
"""The Daily Mail memposting, dan kemudian menghapus, sebuah cerita yang mengatakan bahwa AS telah memberikan"" lampu hijau ""untuk serangan senjata kimia di Suriah yang dapat disalahkan pada Assad.""",true
Prozac Mungkin Satu-satunya Obat yang Efektif Mengobati Depresi pada Anak,false
Obat-obatan umum mempercepat penurunan pada lansia: studi.,true
Pemerkosa menggunakan anak-anak kecil yang tampaknya tersesat untuk memikat korbannya.,false
"Aktor, musisi, dan Christian Kirk Cameron yang blak-blakan mengidap penyakit kusta langka yang membuat orang menjadi tumpukan daging membusuk.",false
Terapi gen untuk kelainan perdarahan langka mencapai bukti konsep,true
Obat yang mengaktifkan sel induk otak dapat membalikkan multiple sclerosis,true
Samoa mengakhiri keadaan darurat campak karena tingkat infeksi melambat.,true
"“Karena banyaknya orang yang akan menolak vaksin COVID-19 yang akan datang karena vaksin tersebut mencakup pelacakan mikrochip, Gates Foundation kini menghabiskan miliaran dolar untuk memastikan bahwa semua suntikan dan prosedur medis dan gigi menyertakan chip tersebut.”",false
Daerah tinggi dan kering: Resor di pegunungan Alpen bergulat dengan perubahan iklim.,true
"""Minum alkohol mengurangi risiko infeksi""",false
Tuntutan hukum diajukan terhadap operator pembersih peralatan medis.,true
"FOTO AP: Dalam keputusasaan, pekerja magang di rumah sakit Prancis melakukan pemogokan.",true
Makan blueberry Anda! Makanan ini dapat mengurangi risiko diabetes dan tekanan darah tinggi,false
Obat prostat menunjukkan sisi yang lebih aman,false
Jerman membuat dan mendistribusikan selebaran untuk mengekang kekerasan seksual akibat insiden di Cologne pada Malam Tahun Baru.,false
"Saya sangat menyadari bahwa ganja medis adalah pengobatan yang diakui, secara medis, dan layak untuk kondisi nyeri [pankreas] semacam ini.",false
Pasien Parkinson meredakan gejalanya dengan Pilates,false
Krisis opioid (adalah) yang terburuk di negara-negara ekspansi ObamaCare!,false
Simbol yang timbul pada permukaan luar kue Oreo menghubungkan produk tersebut dengan dugaan aktivitas konspirasi Ksatria Templar dan Freemason.,false
AS menyetujui 6 vaksin flu untuk musim depan.,true
Donald Trump “besok mengumumkan bahwa AS akan melakukan karantina selama 14 hari ke depan.”,false
Korban tewas akibat flu burung baru di Tiongkok meningkat: WHO.,true
"""Belanja kupon makanan"" ""meningkat dua kali lipat di bawah Presiden Bush, dua kali lipat lagi di bawah Presiden Obama.""",true
Pemindaian baru dapat mempercepat diagnosis Parkinson,false
'The Amityville Horror' didasarkan pada kisah nyata.,false
Pemilih di California mungkin diminta untuk mengarahkan tunawisma ke layanan kesehatan.,true
"“Dengan ritel, orang-orang berpindah-pindah dan Anda tidak memiliki peluang yang besar untuk menyebarkan virus (seperti yang Anda lakukan) ketika orang-orang duduk atau berdiri di dalam ruangan” untuk jangka waktu yang lama.",true
Study Shows Proposed Merck Drug For Diabetes Lowers Blood Sugar,false
"PEDOPHILIA kini HUKUM di CALIFORNIA. Kini seorang anak berusia 21 tahun dapat berhubungan seks dengan anak berusia 11 tahun, dan tidak terdaftar dalam daftar seks sebagai pelanggar seks.",false
"""Sebagai seorang kandidat, Presiden Obama """" menyatakan bahwa setiap orang berhak mendapatkan akses terhadap layanan kesehatan reproduksi termasuk aborsi, dan bersumpah bahwa 'hak' ini akan menjadi inti dari rencana reformasi layanan kesehatannya jika terpilih sebagai presiden.""",true
Ekstrak daun sirsak dapat mencegah gejala fibromyalgia,false
Persiapan Kolonoskopi dalam Pil Mungkin Lebih Mudah Ditelan,false
Vaksin tekanan darah mungkin sedang dalam proses,false
"""Pemindai termal dapat mendiagnosis virus corona""",false
Orang yang menderita campak mengunjungi tempat-tempat wisata populer di LA.,true
Telehealth memberi pedesaan Missouri lebih banyak akses terhadap layanan kesehatan.,true
"Pengobatan AIDS harus dimulai lebih awal, kata penelitian",true
Perjuangan terbaru untuk memberantas polio dimulai dengan peralihan vaksin secara besar-besaran.,true
Korban tewas akibat wabah listeria di rumah sakit di Inggris meningkat menjadi lima orang.,true
"Menjanjikan 'hari yang lebih baik', Macron memperpanjang lockdown di Prancis hingga 11 Mei.",true
"""AARP """"mendukung"""" RUU reformasi layanan kesehatan.""",false
"""Donald Trump mengatakan para veteran yang menderita PTSD adalah """"lemah"", """"tidak layak"","" dan """"tidak dapat menangani"""" dinas militer.""",false
"""Sebuah foto menunjukkan """"tanda tangan baru"""" yang digunakan oleh remaja untuk memberi isyarat bahwa mereka ingin membeli atau menjual narkoba.""",false
"""Katakanlah anggota parlemen dari Partai Republik di Wisconsin tidak melakukan apa pun"" ""sementara negara bagian tetangga seperti Minnesota, Illinois, dan Michigan telah menerapkan tindakan pencegahan keselamatan seperti mewajibkan individu untuk memakai masker.""",true
"Pada tanggal 28 Juli 2020, Presiden Amerika Serikat Donald Trump menyesalkan bahwa dokter Anthony Fauci dan Deborah Birx terkenal karena respons mereka terhadap virus corona, tetapi """"tidak ada yang menyukai saya.""",true
"Untuk Mengobati Depresi, Cobalah Terapis Digital",true
Johnson & Johnson telah menghilangkan formaldehida dari produk bayi seperti sampo No More Tears.,true
"Di North Carolina, mereka menggunakan uang stimulus untuk mempekerjakan seorang pegawai negeri baru. Tugasnya, mengajukan lebih banyak dana stimulus dari para pembayar pajak melalui pemerintah federal.",false
"""Kandidat presiden dari Partai Republik Donald Trump meninggal karena"" ""serangan jantung yang hebat"".",false
"Akira' adalah film tahun 1988 tentang peristiwa apokaliptik yang terjadi beberapa bulan sebelum Olimpiade Tokyo 2020, menunjukkan (Organisasi Kesehatan Dunia) menyarankan Jepang untuk menunda Olimpiade karena risiko pandemi",false
"""Saya membantu menulis"""" Undang-Undang Perawatan Terjangkau.""",false
AS mengizinkan penjualan rokok dengan nikotin 95% lebih sedikit.,true
Presiden Trump menandatangani Perintah Eksekutif yang melarang vaksinasi anak selama 90 hari.,false
Daging mati: Industri menghadapi 'kehancuran' jika lambat beradaptasi terhadap perubahan iklim.,true
Produk kebersihan feminin dikenakan pajak penjualan di sebagian besar negara bagian.,true
Ketika cahaya mematikan: Masyarakat Maroko berjuang melawan kelainan kulit.,true
"Kota New York dapat membayar untuk menampung populasi tunawisma di kamar hotel yang saat ini masih kosong, namun Walikota Bill de Blasio “sampai saat ini benar-benar menolak melakukan hal tersebut.”",true
Narkoba 'Molly' menimbulkan dampak buruk di Amerika Serikat.,true
Para pemerhati lingkungan dan pejabat negara tidak sepakat mengenai batasan racun.,true
Mencampur krim tartar dengan jus jeruk akan menghilangkan nikotin dari tubuh Anda dan membantu Anda berhenti merokok lebih cepat.,false
Penemu mengatakan kateter jantung baru akan menyelamatkan nyawa,false
Italia menemukan bahwa Covid-19 sebenarnya adalah koagulasi intravaskular diseminata (trombosis).,false
"Dokter, perawat meninggalkan rumah untuk melindungi keluarga dari virus.",true
Obat dapat membantu penderita hipokondria,false
Anda punya laporan medis tentang saya yang memenuhi standar yang sama dengan Mitt Romney dan Barack Obama.,true
Seorang pria di Florida memotong alat kelaminnya sendiri dan memberikannya kepada seekor buaya saat sedang mabuk metamfetamin.,false
New Jersey mungkin negara bagian pertama yang melarang merokok di pantai dan taman.,true
Ratusan makalah yang diterbitkan pada tahun 2017 membuktikan bahwa pemanasan global hanyalah mitos.,false
"""Dua video menunjukkan""""migran Muslim"""" dan """"gerombolan Muslim"""" menyerang orang.""",false
"“Saya telah mengesahkan lebih banyak rancangan undang-undang dibandingkan Senator Larson, karena… dia belum meloloskan satu pun.”",false
Sebuah studi baru mengklaim pemeriksaan kanker prostat secara signifikan mengurangi kematian. Tidak semua orang setuju,true
"""Donald Trump Mengatakan bahwa ketika Michelle Fields """" mengetahui bahwa ada kamera keamanan, dan mereka merekamnya, tiba-tiba cerita itu berubah.""",false
Pemberian Herceptin dalam waktu singkat menjanjikan pengobatan kanker payudara,true
Rumah sakit Rumania mengatakan 39 bayi kini didiagnosis mengidap bakteri super.,true
Lebih banyak tanda bahwa skrining kanker paru-paru dapat menyelamatkan nyawa,true
Muslim menyerang pelayan Denny's karena menyajikan bacon selama bulan suci Ramadhan.,false
Seorang gadis berusia 12 tahun menyiarkan langsung bunuh dirinya dengan cara digantung.,true
Terapi hormon aman pada menopause dini: peneliti.,true
Darurat kesehatan masyarakat diumumkan atas wabah Hepatitis A.,true
"Karena semakin sedikit manusia yang perlu ditakuti, flamingo berbondong-bondong ke laguna Albania.",true
2 Studi Kembali Pedoman Penggunaan Statin yang Lebih Luas,true
"Berdasarkan Undang-Undang Perawatan Terjangkau, siapa pun di Medicare yang dirawat di rumah sakit untuk observasi akan bertanggung jawab atas tagihan tersebut. Medicare tidak akan membayar satu sen pun.",false
"Anggota Kongres Trey Gowdy ditemukan dipukuli parah dan berlumuran darah setelah diseret dari kantor kongresnya di Washington, D.C., pada bulan Juni 2017 — dan polisi sedang mencari penyerangnya.",false
ISIS bergerak melalui perbatasan yang rentan terhadap kebijakan Barack Obama.,false
"Dalam RUU layanan kesehatan, kami sekarang menawarkan asuransi untuk anjing.",false
Obat gagal jantung meringankan gejala,true
“Parlemen Italia Menyerukan Penangkapan Bill Gates”,false
Alat pelacak bra Victoria's Secret adalah bagian dari konspirasi perdagangan seks.,false
Gugatan federal menargetkan sistem asuh West Virginia.,true
Presiden Donald Trump “akan menerapkan apa yang disebut tindakan Stafford” dan “memerintahkan karantina wajib selama dua minggu bagi negara tersebut.”,false
"Di Wisconsin, stimulus tersebut digunakan untuk membangun jembatan ke sebuah bar bernama Rusty's Backwater Saloon. Mereka punya burger enak, tapi tidak ada pekerjaan baru.",false
Hillary Clinton bersumpah bahwa dia akan menutup NRA dan melarang penggunaan senjata jika dia terpilih sebagai Presiden.,false
Pengadilan banding AS mengizinkan pembatasan aborsi di Texas di tengah pandemi.,true
Sudan Selatan yang lemah akibat perang berupaya bersiap menghadapi Ebola.,true
Tentang gugus tugas bipartisan tentang cara-cara memperbaiki kebijakan fiskal.,false
George Soros ditangkap di Swiss pada Februari 2019.,false
Apakah Anda akan terkena serangan jantung? Tes-tes ini mungkin bisa menjelaskannya,false
Fewer flu cases being recorded this year because these cases are being diagnosed as COVID-19,false
"""Robert De Niro terkait dengan """"jaringan prostitusi yang memanfaatkan anak-anak.""",false
“Obat baru yang berbahaya yang dikenal sebagai “kematian abu-abu” dapat membunuh melalui kontak udara dan kulit.”,true
Gayanya berbeda-beda tetapi presiden AS menjadikan kebugaran sebagai prioritas.,true
Badak putih langka dirawat karena penyakit misterius di California.,true
Lebih dari seperempat generasi muda Amerika terlalu gemuk untuk bertugas di militer AS,true
"Melawan kelelahan dan troll, Fauci mengatakan dia baik-baik saja.",true
Sebuah penelitian terbaru mengungkapkan bahwa sepertiga dokter anak menolak merekomendasikan vaksin HPV Gardasil kepada pasien.,false
"Uji coba jaringan seluler 5G menjadi penyebab kematian burung yang tidak dapat dijelaskan yang terjadi di sebuah taman di Den Haag, Belanda.",false
"""Pemodal George Soros memiliki laboratorium di Wuhan, Tiongkok, tempat penyakit virus corona COVID-19 """"berkembang.""",false
Konsentrasi polusi udara mencapai tingkat tinggi di kota-kota pesisir.,true
"Sebelum Memulai Statin, Bicarakan Dengan Dokter Anda",true
Pustakawan yang menghadapi tugas-tugas baru mengatakan krisis tidak ada dalam daftar mereka.,true
Para ilmuwan menggunakan kornea sintetis untuk memulihkan penglihatan,false
Program kesehatan di tempat kerja PepsiCo gagal mencapai tujuannya: belajar.,true
Sebuah video memperlihatkan seekor laba-laba besar yang bertahan hidup di dalam pisang hingga keluar dari kulitnya dengan kekuatannya sendiri.,false
"Pria bandeng, Hering mencapai persetujuan pembelaan atas penikaman ayahnya.",true
Pengencer Darah Juga Dapat Melindungi Otak Pasien A-Fib,false
"Letnan Gubernur Texas Dan Patrick mengatakan pembatasan jarak sosial COVID-19 harus dilonggarkan karena """"ada hal yang lebih penting daripada kehidupan.""",true
Orang yang digigit kelelawar gila di daerah Breitenbush.,true
Mengapa Memburu Vaksin COVID-19 pada Bulan November Bisa Berbahaya,true
Suatu bentuk tuberkulosis yang dijuluki “flu darah Meksiko” dibawa ke AS oleh para imigran yang melintasi perbatasan Selatan.,false
“Jalur North Carolina & Virginia State ditutup. Tidak ada yang masuk atau keluar.,false
Tentang dukungan untuk pernikahan sesama jenis,false
Nigeria melaporkan rekor kasus demam Lassa yang tinggi dengan 317 kasus.,true
"""Joseph Levy mengatakan pekerja di dalam ruangan mendapatkan """"lebih sedikit sinar UV dibandingkan pekerja di luar ruangan, namun mereka terkena lebih banyak melanoma.""",false
The cutting edge: Perjalanan Menakjubkan di Dalam Otak,false
Film Pembantaian Texas Chainsaw didasarkan pada kisah nyata.,false
Olivia Newton-John didiagnosis menderita kanker untuk ketiga kalinya.,true
Melatonin mengurangi tekanan darah dan mengatur ritme sirkadian yang terganggu pada orang tua,false
Majalah Parents edisi April 2005 menampilkan penempatan sampul yang kurang menguntungkan.,false
“Uang yang diambil oleh Clinton Foundation dari pemerintah asing ketika Hillary Clinton menjabat Menteri Luar Negeri “”jelas ilegal. … Konstitusi mengatakan Anda tidak boleh mengambil uang ini.”,false
Trump menyarankan agar para atlet muda bermain untuk menang dan mendapatkan kehidupan yang baik.,true
Flu tidak membunuh satu pun orang Amerika tahun ini.,false
Tes kanker usus besar yang baru membuat skrining lebih mudah,false
"Badai Dorian berputar menuju Florida yang cemas, membawa angin berkecepatan 140 mph.",true
"Jeruk mandarin Halos Cuties ditanam di California menggunakan air limbah beracun dari kilang minyak, menurut laporan viral.",false
Penularan penyakit cacing Guinea terhenti di Sudan Selatan.,true
"Partai Republik Florida Mengatakan Charlie Crist mendukung ""pengurangan program Medicare Advantage"".",false
Perawatan Kolesterol Tebu Salah,true
Larangan kantong plastik di Mexico City membawa penduduk kembali ke masa lalu.,true
Statistik menunjukkan bahwa setiap kali suatu negara membuat undang-undang aborsi yang lebih ketat... angka kematian meningkat dan aborsi justru meningkat.,false
Kelompok-kelompok menuntut undang-undang aborsi Alabama; hakim memblokir larangan Mississippi.,true
"Surat pada bulan Juli 2020 yang konon dikirim oleh Ohio State Bar Association (OSBA) akurat dalam menyatakan bahwa pengecer atau produsen mana pun – termasuk yang beroperasi dari rumah – dapat dituntut karena menjual atau membuat masker wajah pelindung COVID-19 yang tidak disetujui secara medis, cacat, atau tanpa label yang tepat.",false
Minnesota melaporkan kematian akibat flu ke-8 musim ini.,true
Makan buaya di New Orleans akan membantu menyelamatkan lahan basah Louisiana.,false
Kapal pesiar Scientology menghadapi karantina baru di pelabuhan asal di Curacao.,true
"Walikota Perancis melarang obat pembasmi rumput liar glifosat, dan hal ini bertentangan dengan pemerintah.",true
"Kurkumin Meningkatkan Daya Ingat dan Suasana Hati, Studi Baru UCLA Berkata",false
“Inilah yang ingin dilakukan oleh Bill Gates dan George Soros… secara diam-diam memberi Anda sebuah chip sambil menguji Anda untuk virus corona… Partai Demokrat memiliki rancangan undang-undang di DPR yang siap melakukan pemungutan suara untuk mewajibkan hal ini.”,false
"""Virus akan mati ketika suhu naik di musim semi""",false
Seorang pria dirawat di rumah sakit pada bulan Desember 2018 setelah Apple Airpod meledak di telinganya.,false
Pertukaran jarum suntik terbesar di AS mencoba pipa sabu gratis di Seattle.,true
Kelompok pangan dan pertanian organik meminta Obama untuk mewajibkan label makanan transgenik.,true
"Kapal feri berhenti, alarm berbunyi saat Sydney tersedak oleh asap kebakaran hutan.",true
Mengutip Dr. Denis Mukwege yang mengatakan dia mengundurkan diri dari tim tanggap virus corona Kongo karena dia diperintahkan untuk mengarang angka kasus dan kematian COVID-19.,false
"""Ada 74"" ""penembakan di sekolah di Amerika sejak Sandy Hook.""",false
Ketua DPR Nancy Pelosi mengatakan minggu ini bahwa Partai Demokrat harus meloloskan rancangan undang-undang layanan kesehatan mereka yang buruk sehingga rakyat Amerika dapat benar-benar mengetahui apa isinya.,true
Presiden AS Barack Obama menutup pemerintahan federal pada tahun 2013 untuk memaksa pengesahan undang-undang Obamacare yang dipimpinnya.,false
Terapi gagal jantung dua kali lebih efektif pada wanita,false
"Dan Patrick Berkata untuk virus corona, “tingkat kematian di Texas, per kapita 29 juta orang, adalah salah satu yang terendah di negara ini.",true
"Pada bulan Juli 2010 pemerintah mengatakan usaha kecil – 60 persen – akan kehilangan layanan kesehatan, 45 persen usaha besar dan sebagian besar kesehatan individu.",false
"Masih belum ada kaitan antara vaksin autisme dan vaksin, kata pejabat kesehatan.",true
Babysitter Nora Jackson ditangkap di Florida karena mengikat bayi ke kipas angin langit-langit selama 26 jam.,false
Penjelasan: Pembawa virus corona yang tidak menunjukkan gejala di Tiongkok meningkatkan kekhawatiran akan gelombang infeksi baru.,true
"Pentagon mengincar Chicago, Michigan, Florida, Louisiana saat virus corona menyebar.",true
Studi: Undang-undang California mencabut vaksinasi di daerah ‘berisiko tinggi’.,true
FDA menyetujui pengobatan kombinasi baru untuk leukemia myeloid akut,true
Individu transgender di AS memiliki peluang 1 dari 12 untuk dibunuh.,false
Studi: Banyak daging merah meningkatkan risiko kematian,true
Peneliti Mount Sinai mengidentifikasi praktik terbaik untuk pelestarian pendengaran dengan implan koklea,false
"""Sebelum tahun 2005, """"persentase siswa"""" sekolah menengah Texas """" yang memenuhi standar kesiapan perguruan tinggi dari Badan Koordinasi Pendidikan Tinggi Texas mencapai 28% dalam bahasa Inggris dan 42% dalam matematika. Angka tersebut mencapai 65% dan 66% pada tahun 2013.""",true
Kami tahu cara menghentikan AIDS: membujuk laki-laki untuk tidak berhubungan seks dengan laki-laki.,false
Anda bisa membeli lobster dengan kupon makanan.,true
"""Dick Cheney Mengatakan Saddam Hussein"" ""memiliki hubungan 10 tahun dengan al-Qaeda.""",false
"CT scan khusus mengurangi kematian akibat kanker paru-paru dalam penelitian besar, namun masih ada pertanyaan mengenai skrining",true
Sebuah penelitian menemukan bahwa janggut pria dipenuhi dengan mikroba tinja.,false
Ahli bedah Afghanistan mendapat penghasilan dari orang kaya untuk membantu membiayai pengobatan orang miskin.,true
Tanggal Hari Bumi dipilih pada tanggal 22 April oleh Pembunuh Unicorn bertepatan dengan hari ulang tahun Vladimir Lenin.,false
Postingan media sosial memperingatkan pemilik anjing untuk tidak memberikan makanan anjing merek Canine Carry Outs kepada anjingnya karena bahan antibeku yang disebut propilen glikol tercantum dalam bahan-bahannya dan akan meracuni hewan peliharaan mereka.,false
"Seorang penjaga kebun binatang di Paderborn, Jerman, terbunuh ketika seekor gajah buang air besar di tubuhnya.",false
Sebuah foto menunjukkan Presiden Trump sedang melakukan tur dengan pesawat chemtrail.,false
Tidak akan ada pendanaan publik untuk aborsi dalam undang-undang ini.,true
Tes prostat bisa lebih akurat,true
McDonald's meringis atas gugatan Happy Meal.,true
Data Awal dari Penelitian Menunjukkan Akurasi 94% dalam Mendeteksi Kanker Prostat Agresif,false
"Kekurangan EpiPen terlihat di Kanada, Inggris, tetapi pasokan di AS masih utuh.",true
Kemenangan Senat NY membuat Partai Demokrat mengunci Albany. Jadi sekarang bagaimana?.,true
Pemerintah AS telah mengumumkan rencana awal mereka untuk memaksakan pemberian vaksin kepada semua orang; tiga vaksin potensial saat ini sedang dalam uji coba Tahap 3 di AS dan mungkin siap dalam beberapa minggu,false
Cara Anda berbicara sekarang dibentuk oleh apa yang nenek moyang Anda makan.,true
Epidemi virus corona 'terkendali' di Norwegia: menteri kesehatan.,true
Undang-undang keamanan pangan baru akan mengatur berkebun di halaman belakang.,false
Pecinta minyak zaitun menunjukkan risiko stroke yang lebih rendah,true
"""5G membantu penyebaran SARS-CoV-2""",false
Identifikasi Strategi untuk Mengurangi Penyebaran COVID-19,true
Masyarakat Mozambik berdoa kepada Tuhan ketika angka kematian akibat topan meningkat.,true
"""Adik seorang teman """"meninggal karena Obamacare"""" karena Blue Shield """"baru saja keluar dari California.""",false
Sebuah penelitian tahun 2007 menunjukkan pembakaran sage membunuh 94% bakteri.,false
"Deputi Scott Wood ditembak oleh perampok toko serba ada berkulit hitam, dan insiden tersebut tidak diberitakan secara luas di media nasional.",true
Terapi gen membantu anak laki-laki yang menderita penyakit 'Minyak Lorenzo',true
Hillary Clinton mengatakan dalam pidatonya bahwa umat Kristen di Amerika harus menyangkal iman mereka terhadap agama Kristen.,false
"""Dilihat dari pemungutan suara baru-baru ini, Rep. Debbie Wasserman Schultz """" berpendapat tidak apa-apa bagi pasien mariyuana medis untuk dimasukkan ke penjara federal.""",false
"Dicari: 1 juta orang untuk mempelajari gen, kebiasaan dan kesehatan.",true
"""Kebijakan Iowa """" mengatur penangkapan warga Iowa yang mungkin terkena virus flu babi di negara bagian tersebut.""",false
Perkebunan ganja medis berkembang pesat di Chili yang konservatif.,true
Menemukan Obat yang Tepat: Tes Gen Dapat Membantu Mengobati Depresi,false
"""Siswa perempuan di UVA """"memiliki peluang 20 persen untuk mengalami pelecehan seksual.""",false
"Lebih banyak perempuan di negara-negara miskin menggunakan kontrasepsi, kata laporan.",true
Mengapa kita memakai masker untuk COVID-19 padahal kita tidak memakai masker untuk flu dan TBC yang juga membunuh banyak orang?,false
"Ketika Ebola mengancam kota-kota besar, kebutuhan stok vaksin meningkat.",true
Coca-Cola menjadi minuman berkarbonasi ketika seorang pembuat soda secara tidak sengaja mencampurkan sirup Coca-Cola dengan air soda.,false
Ilmuwan Barat dan Lawson mengembangkan tes darah yang mengubah permainan untuk gegar otak,false
"Produk Jerawat HSRx Group Mengungguli Pemimpin Pasar dalam Uji Klinis; Menunjukkan Pengurangan Jumlah, Kemerahan & Keparahan Jerawat yang Lebih Cepat",false
Keystone berarti membuka kunci pasir tar Kanada.,false
Perawatan manipulatif osteopati meningkatkan hasil pada pasien pneumonia lanjut usia,false
J&J menjadi produsen obat pertama yang menambahkan harga pada iklan televisi.,true
Kehidupan – sekarang dalam ‘suara surround’: Mantan Miss America memiliki implan kedua untuk membantu pendengaran,false
Penggunaan minyak canola secara biasa berbahaya bagi konsumen.,false
Ekonom AS memenangkan Nobel atas karyanya mengenai perubahan iklim dan inovasi.,true
Penduduk Berkeley akan memberikan suara pada pajak soda pada bulan November.,true
Anak King County meninggal karena flu.,true
"""Sebastian Gorka Berkata Jake Tapper mengatakan Allahu Akbar adalah""""ungkapan yang indah"""" setelah serangan teroris di New York.""",false
Minuman Capriccio Bubbly Sangria terkontaminasi HIV.,false
Tes prenatal dapat mendeteksi kanker pada ibu hamil,false
Gubernur Michigan Gretchen Whitmer melarang penjualan atau pembelian bendera Amerika selama pandemi COVID-19.,false
Tahun Baru adalah hari di mana jumlah orang yang paling banyak meninggal akibat kecelakaan mobil.,false
Sebuah “kapal hantu” yang ditinggalkan dan penuh dengan tikus yang terinfeksi Ebola akan mendarat di Florida.,false
Rumah sakit mengalami peningkatan tajam dalam jumlah kelahiran sembilan bulan setelah 11 September.,false
Laboratorium Eropa akan menerima bahan kontrol untuk mendeteksi hasil tes virus corona yang negatif palsu.,true
Dupixent Sanofi dan Regeneron mendapat lebih banyak tanggapan positif dari FDA AS.,true
"Negara-negara bagian, militer bentrok dalam pembersihan bahan kimia beracun.",true
Pegulat Wonsettler kini menjalani terapi fisik.,true
Pasien jantung buatan Carmat dalam kondisi baik: rumah sakit.,true
Chris Larson Mengatakan lonjakan kasus COVID-19 pada 22 April terkait dengan pemilu.,false
Montenegro: Puluhan orang ditahan dalam bentrokan terkait penangkapan pendeta.,true
"""Departemen Pertahanan telah merencanakan latihan komunikasi bertepatan dengan ""protes antifa"" pada 4 November 2017.""",false
New Hampshire mengusulkan standar air minum yang ketat.,true
Wanita Vancouver berbagi tanda-tanda kanker ovarium dengan orang lain.,true
Pakar penerbangan bingung setelah sebuah pesawat membuang bahan bakar di atas kota.,true
"“Dalam 24 jam terakhir, inilah protokol penggunaan masker: Masker hanya boleh digunakan oleh petugas kesehatan, perawat, atau orang yang sakit dengan gejala seperti demam dan batuk.”",false
Pengobatan sel CD34+ mengurangi frekuensi angina pada pasien 'tidak ada pilihan',false
Penelitian: Pola makan sehat mengurangi risiko Alzheimer,false
Pembawa acara televisi anak-anak Fred Rogers menyembunyikan masa lalu yang penuh kekerasan dan kriminal.,false
rumah sakit kesehatan mental senilai $40 juta direncanakan untuk pinggiran kota Detroit.,true
Ketujuh pasien yang dirawat karena Covid-19 di rumah sakit Safdarjung di New Delhi telah pulih.,true
"""Tim Allen berbagi """"mutiara kebijaksanaan"""" tentang Trump tahun 2020, Chelsea Clinton, Maxine Waters, dan dugaan kematian Amerika jika presiden yang menjabat tidak terpilih kembali.""",false
"""Seseorang bisa"" ""bertahan hidup"" dengan hanya mengonsumsi kentang dan mentega saja.""",true
Badan kesehatan Indiana mendesak warga untuk menjalani tes PMS.,true
CDC Kepada Dokter: Pil Anti-HIV Bukan Peluru Ajaib Melawan Virus,true
23 negara bagian memperluas tantangan terhadap peraturan mobil pemerintahan Trump.,true
Dokter: Otak Hernandez rusak parah karena penyakit.,true
"Kasus kolera melonjak menjadi 138 di Beira, Mozambik setelah topan.",true
Bill Clinton diam-diam telah membunuh beberapa lusin orang yang memiliki bukti yang memberatkan dirinya.,false
"Saat ini, Tiongkok mengendalikan 80% dari semua bahan dan bahan mentah yang digunakan untuk obat resep generik kami.",false
"Jika masker berfungsi untuk melindungi kita dari penyakit pernapasan akibat virus seperti COVID-19 dan flu, dan kita sudah menggunakannya selama berbulan-bulan, lalu mengapa saat ini ada orang yang memerlukan vaksinasi flu?",false
Wanita yang makan banyak serat memiliki lebih sedikit risiko kanker payudara,true
NRA melarang membawa senjata di konvensi nasional mereka sendiri.,false
"""Pada November 2019, koala dianggap ""punah secara fungsional"" di Australia karena kebakaran hutan yang menghancurkan habitat mereka.""",false
"Ketika City dan Fairmount Park Conservancy menginvestasikan $5 juta di Hunting Park, kejahatan turun 89 persen dalam radius setengah mil dari taman tersebut selama tiga tahun berikutnya.",true
Alaska AG mengira menekan tombol panggil pesawat menyelamatkan nyawanya.,true
Permainan ramah lingkungan: Perusahaan video game membuat janji iklim di PBB.,true
"""Ken Cuccinelli Mengatakan Terry McAuliffe adalah """"orang yang menemukan skema untuk menyewakan Kamar Tidur Lincoln.""",false
Agen khusus FBI David Raynor dibunuh dengan senjata dinasnya sendiri beberapa hari sebelum dia dijadwalkan untuk bersaksi melawan Hillary Clinton.,false
Pemerintah akan membahas penanggulangan TBC pada KTT PBB.,true
"""Matthew Rosendale Berkata Senator Jon Tester"" ""percaya bahwa kita harus memiliki pendaftaran nasional sehingga masyarakat Montana harus meminta izin sebelum membeli senjata, meminta izin dari pemerintah federal.""",false
Analisis menemukan bahwa banyak wanita dapat memperoleh manfaat dari mammogram lebih awal,false
Perawatan paliatif dapat membantu pasien kanker hidup lebih lama,true
"""Christine Blasey Ford bersaksi bahwa dia minum"" satu bir, itulah satu-satunya hal yang saya ingat """" tentang apa yang terjadi pada malam dia diduga mengalami pelecehan seksual.""",false
Pangeran William memulai kampanye kesehatan mental untuk penggemar sepak bola.,true
"Efek Bypass pada Diabetes, Kanker",true
Vaksinasi Rotavirus Didesak untuk Bayi:,false
"""Kepolisian Capitol """" bertindak lebih jauh dengan menggunakan peralatan paramiliter """" dalam menangani pengunjuk rasa yang bernyanyi di Madison""",false
Planned Parenthood menggugat undang-undang aborsi Arizona.,true
Obat Diabetes Terkait dengan Patah Tulang,false
"""Taylor Swift difoto bersama mantan gelandang NFL dan pengunjuk rasa"" ""berlutut"" Colin Kaepernick di klub malam San Francisco.""",false
Trump akan mengadakan hari lapangan olahraga di Gedung Putih.,true
Kupon makanan telah naik dua setengah kali lipat di bawah pemerintahan Barack Obama.,false
Apakah Anda mengonsumsi kalsium dan vitamin D untuk melindungi tulang Anda? Sebuah studi baru mengatakan hal itu tidak membantu,true
Kongo mengkonfirmasi kasus Ebola pertama di kota Goma.,true
"Implan otak sel induk dapat 'memperlambat penuaan dan memperpanjang umur', menurut penelitian",true
Lebih dari 400 kecelakaan mobil terjadi setiap tahun di Jembatan Sungai Columbia yang padat saat ini.,false
"Eksklusif: NTPC India menolak teknologi emisi asing, menutup GE, dan perusahaan lain yang menerima pesanan senilai $2 miliar.",true
Palang Merah melaporkan wabah baru demam berdarah di Yaman.,true
"""Ketentuan Obamacare akan mengizinkan """"pemeriksaan rumah paksa"""" oleh agen pemerintah.""",false
Perawatan sel induk jangka panjang memberikan masa depan bagi dua bersaudara,false
Dengan menggunakan celah yang jarang diketahui... antek-antek Obama mengizinkan Perusahaan Nestle mengekspor air bersih yang berharga keluar dari Danau Michigan.,false
"Penerbangan rahasia membawa anggota keluarga bin Laden dan warga negara Saudi keluar dari AS segera setelah 11 September ketika larangan umum terhadap perjalanan udara masih berlaku, dan sebelum FBI sempat menginterogasi penumpang mana pun.",false
"RUU belanja besar memenangkan Senat, dan banyak kemenangan.",true
Bekas Luka Hati Sembuh Setelah Serangan Jantung,false
Upaya penculikan anak di mal atau taman hiburan berhasil digagalkan karena penculik lupa mengganti sepatu anak tersebut.,false
Skrining dini untuk kanker paru-paru mendapat tinjauan yang beragam,true
"""Nancy Pelosi mengatakan """"Kongres tidak boleh memberikan suara dari jarak jauh karena tidak aman!"""" sambil juga mengatakan bahwa “Semua orang Amerika harus memilih presiden melalui surat!”""",false
"Pacu perut merah, spesies invasif yang berkerabat dengan piranha tetapi memiliki gigi mirip manusia, diketahui telah menggigit buah zakar laki-laki, menewaskan sedikitnya dua korban.",false
Batasan Skrining Baru untuk Penyakit Jantung,true
Seorang mahasiswa berusia 19 tahun di Kenya dengan sengaja menginfeksi 324 pria dengan human immunodeficiency virus sebagai tindakan balas dendam.,false
Layanan kesehatan di Arab Saudi berkembang pesat seiring dengan upaya negara tersebut untuk menutup kesenjangan kesejahteraan.,true
Tidak ada orang yang meninggal karena tidak mempunyai akses terhadap layanan kesehatan.,false
Sepasang suami istri asal Kalifornia dan Ekuador membuktikan bahwa hidup hanya dengan udara adalah hal yang mungkin dilakukan.,false
Sel kanker dibunuh dengan suhu dingin yang ekstrim oleh ahli bedah Universitas Tulane,false
Partai Demokrat di DPR Maine memilih untuk mengizinkan mutilasi alat kelamin perempuan.,false
Keputusan tersebut menunda rencana eksplorasi emas di Idaho timur.,true
Terapi di kantor: bank melakukan perlawanan terhadap kesehatan mental secara internal.,true
Obat Diabetes Terbukti Memperlambat Penumpukan Plak,false
Terobosan medis? Prosedur baru melawan tumor,false
Urutan genom virus corona yang mendukung hipotesis bahwa virus tersebut muncul secara alami semuanya palsu dan sebenarnya tidak ada.,false
Denver akan merumahkan ribuan pekerja di tengah virus corona.,true
"""Catherine Cortez Masto Berkata"" ""Joe Heck memberikan suara 10 kali untuk membatalkan dana Planned Parenthood ... dan Heck menentang hak perempuan untuk memilih, bahkan ketika kesehatannya terancam.""",true
"Patung Liberty didirikan sebagai penghormatan atas pencapaian tentara kulit hitam dalam Perang Saudara, dan seorang wanita kulit hitam menjadi model Lady Liberty.",false
"""Frederica Wilson Mengatakan dia memperkenalkan larangan""""tarian kotor"".",true
Mark Zuckerberg mengatakan bahwa dia muak dengan media sosial dan sebagai akibatnya dia meninggalkan Facebook.,false
"Setahun setelah Michael, komunitas Florida masih dalam krisis.",true
Perdebatan tentang siapa yang memerlukan pemeriksaan tiroid saat hamil,true
Kilang minyak Illinois akan ditingkatkan dalam penyelesaian polusi.,true
Juri St. Louis menolak gugatan terhadap Johnson & Johnson.,true
"Legislator negara bagian Arkansas, Alan Clark, mensponsori rancangan undang-undang yang secara tegas memotong program makan siang gratis bagi siswa miskin pada bulan Februari 2019.",false
"Orang Dewasa Di Bawah 30 Tahun Paling Kecil Kemungkinannya Memakai Masker, Jarak Sosial",true
"""Mayoritas orang Amerika"" ""sejak masa Harry Truman"""" mendukung asuransi kesehatan pembayar tunggal, atau """" Medicare penuh untuk semua.""",false
Diklaim bahwa AS memiliki “ribuan hakim – hakim perbatasan – ribuan.”,false
Studi: Menghentikan pemanasan global satu-satunya cara untuk menyelamatkan terumbu karang.,true
Obat memberi manfaat bagi tikus rumahan untuk berolahraga,false
Lensa baru menawarkan harapan untuk penglihatan yang lebih baik,false
"Komedian Howie Mandel menulis daftar """"prestasi"" Perdana Menteri Kanada Justin Trudeau.",false
Ada 400 lebih banyak orang yang bekerja di layanan kesehatan saat ini di New Hampshire dibandingkan saat anggaran kita disahkan.,false
"Empat negara Afrika lainnya mengkonfirmasi virus corona, dan pengendalian baru diberlakukan.",true
Adolf Hitler tidak pernah menggunakan senjata kimia (terhadap rakyatnya sendiri).,false
"""Proyek Pertama Florida Kata Carlos Beruff""""mendukung (Charlie) Crist bahkan setelah dia berpindah partai.""",true
"Perihal: (Marco) Dukungan Rubio terhadap larangan alokasi: Pada tahun 2002 saja, dia meminta 37 alokasi senilai $43 juta.",true
Ben Carson telah dicabut izin medisnya di seluruh 50 negara bagian setelah membuat “komentar tidak masuk akal” di jalur kampanye dalam mengejar nominasi presiden dari Partai Republik.,false
Perawatan diabetes selama kehamilan mengurangi risiko anak obesitas,true
"""Pilihan publik untuk layanan kesehatan akan mengakhiri asuransi swasta """"karena masyarakat asuransi swasta tidak akan mampu bersaing dengan pilihan pemerintah.""",false
"Wanita menangis yang sama muncul dalam foto yang diambil di lokasi pembantaian di Sandy Hook, Aurora, Boston, Oregon, Paris, dan Manchester.",false
"Diet iseng memang bisa berhasil, namun para ahli tidak menemukan obat pelangsing yang ajaib.",true
"Penampilan panggung seorang aktris sebagai Anne Frank sangat buruk sehingga penonton berteriak, 'Dia ada di loteng! ketika tentara Nazi tiba di panggung.",false
Para peneliti hampir melakukan tes darah untuk penyakit Alzheimer,false
"Tequila melawan virus, membantu penurunan berat badan, dan bermanfaat bagi orang yang menderita penyakit pencernaan.",false
"Jika Anda memutuskan tidak menginginkan vaksin COVID-19, militer akan membantu meyakinkan Anda.",false
Dokter Harus Mewaspadai Paru-Paru yang Tertusuk pada Pasien COVID,true
Presiden AS Barack Obama mengonsumsi obat anti malaria hydroxychloroquine pada tahun 2008.,false
Anggota Parlemen Alexandria Ocasio-Cortez mengatakan keberadaan miliarder adalah hal yang salah.,false
Kebahagiaan membuat jantung menjadi sehat.,true
"Pada Uji Awal, Obat Hepatitis C Baru Menunjukkan Janji",false
"""Kota Austin tampaknya telah menghapus segala konsekuensi hukum atas tindakan para tunawisma yang berbaring, tidur, dan buang air besar.""",false
Perawat Muslim yang bekerja di Inggris mungkin menolak mencuci tangan untuk menjaga kesopanan berdasarkan hukum Islam.,false
Obat penghilang bekuan darah menyelamatkan anggota tubuh dari radang dingin.,true
"Starbucks refused free product to Marines serving in Iraq, saying the company didn't support the war or anyone taking part in it.",false
Para ilmuwan membangun DNA dari awal untuk mengubah cetak biru kehidupan.,true
Angka kematian di AS tahun ini tidak jauh berbeda dengan 5 tahun sebelumnya,false
"""Lirik"" ""Fire and Rain"" karya James Taylor menceritakan reaksinya terhadap kematian pacarnya dalam kecelakaan pesawat.""",false
Wanita yang menggunakan obat tulang memiliki lebih sedikit kanker usus besar: penelitian,true
George Soros mendanai distribusi kartu debit MasterCard prabayar kepada para pengungsi melalui PBB.,false
"""Mengenai imigrasi, """"presiden mengatakan 22 kali, 22 kali, bahwa dia tidak bisa melakukan apa yang akhirnya dia lakukan.""",true
Presiden Donald Trump telah mengulangi klaim bahwa Hillary Clinton menjual 20 persen Uranium Amerika ke Rusia saat Menteri Luar Negeri AS sedang berkampanye dan menjabat.,false
Penjelasan: Apa dampak pembekuan dana AS bagi WHO dan pekerjaannya.,true
Keponakan: Keluarga tidak mau menerima penculik Elizabeth Smart.,true
Tidur malam yang buruk dapat menghambat penggunaan insulin tubuh.,true
Kematian akibat flu pertama musim ini tercatat di Utah.,true
Studi menemukan bahwa pajak gula di Inggris dapat menyelamatkan ribuan orang dari obesitas dan diabetes.,true
Proposal layanan kesehatan dari Partai Republik akan memangkas lebih dari $135 juta dana federal yang tersedia untuk sekolah-sekolah di PA.,false
Presiden AS Donald Trump secara pribadi menyumbangkan $1 juta untuk dana bantuan bagi Bahama setelah Badai Dorian.,false
Mengapa Tortilla Dapat Memegang Kunci Bayi yang Lebih Sehat,true
"Perawatan kecantikan membunuh seorang wanita Hong Kong, tiga orang sakit.",true
Ganja menjadi legal di negara bagian Washington di tengah pesan yang beragam.,true
Majelis New York mengesahkan undang-undang yang secara tegas melegalkan penembakan jantung bayi dengan racun.,false
"'Lebih besar dari memenangkan perang': dokter hewan PD II, berusia 99 tahun, selamat dari virus corona di Brasil.",true
Beberapa gejala serangan jantung tidak kentara dan bisa disalahartikan sebagai gangguan pencernaan.,true
Enam ribu orang telah mencari pengobatan kecanduan melalui Medicaid yang diperluas.,false
Tes untuk Infeksi Masa Lalu,true
Seorang nenek asal Australia yang membawa senjata meledakkan testis kedua pria yang memperkosa cucunya.,false
"Mana yang lebih buruk pada kehamilan, tembakau atau rokok?.",true
Kesepakatan buku Walikota Baltimore senilai $500K menuai kritik keras.,true
Kasus Pemeriksaan Kolesterol Universal pada Anak,false
Rumah sakit London secara singkat mengeluarkan peringatan kritis ketika kasus meningkat.,true
Kelompok lingkungan hidup Nebraska mendedikasikan bulan Juni untuk 'plogging'.,true
“Trump Memperingatkan Suntikan Flu Adalah 'Penipuan' Terbesar Dalam Sejarah Medis.”,false
Gambar viral Kata Ratu Elizabeth mengatakan Presiden Filipina Rodrigo Duterte “adalah tipe pemimpin yang tahu jalannya…. Rakyat Filipina sangat beruntung memiliki dia.”,false
Pejabat Minesota melaporkan kematian vaping pertama di negara bagian tersebut.,true
"""Mike Pence Berkata Hillary Clinton dan Tim Kaine"" ""ingin memperluas (Obamacare) menjadi program pembayar tunggal.""",false
Canggih: Robot dan Bedah,false
Penggantian hormon dikaitkan dengan penurunan risiko kanker usus besar,true
Kepatuhan terhadap pembatasan sosial memicu penurunan proyeksi kematian akibat virus corona di AS.,true
"""Para pejabat kesehatan mengumumkan pada bulan Juni 2017 bahwa kesehatan Donald Trump """"memburuk.""",false
Data ilmiah telah menghubungkan lonjakan aktivitas gunung berapi di Hawaii dengan peningkatan aktivitas fracking dari pembangkit listrik tenaga panas bumi di dekatnya.,false
Eksklusif AP: Bukti tumpahan di lokasi beracun selama banjir.,true
Presiden Obama. . . ingin mengamanatkan sunat.,false
Setiap presiden AS sejak tahun 1976 telah mendeklarasikan setidaknya satu keadaan darurat nasional.,true
Pria Wisconsin dituduh melakukan skema kartrid vaping THC ilegal.,true
Gubernur baru Florida yang didukung Trump berupaya memperluas daya tariknya.,true
Inilah cara diet lima hari yang meniru puasa dapat 'menghidupkan kembali' tubuh dan mengurangi risiko kanker,false
"""Mantan perusahaan layanan kesehatan Rick Scott, Columbia/HCA, melakukan""""penipuan"".",true
Situs web kebugaran bertujuan untuk mengalirkan kebersamaan dan juga olahraga.,true
Mengapa zebra belang? Mungkin untuk mengusir lalat.,true
"Pantai di Pesisir Mississippi dibuka, saran kontak dicabut.",true
"“Jika Anda mengurutkan semua negara yang telah melakukan tes (Covid-19) berdasarkan per kapita, kami berada di urutan terbawah.”",false
Klinik memberikan hibah untuk membantu mereka yang tidak diasuransikan dan kurang diasuransikan.,true
"""Donna Garner Says Joe Straus"" ""adalah salah satu penulis rancangan undang-undang yang memungkinkan Planned Parenthood mengontrol pendidikan seks di sekolah umum.""",false
Penggunaan aspirin yang ‘Revolusioner’? Dapat membantu pasien kanker usus besar,true
Inggris menolak Keytruda dari Merck sebagai pengobatan awal untuk kanker paru-paru.,true
"Sebuah penelitian di Jepang menemukan bahwa rokok elektronik (populer disebut ""e-cigs"") mengandung karsinogen sepuluh kali lebih banyak daripada rokok tembakau.",false
"Dan ini akan menjadi tahun pertama, jika semuanya benar, kita akan menghabiskan lebih dari $10 miliar anggaran negara kita untuk Medicaid dari anggaran $28 miliar.",true
"Notasi """"YXX"""" pada catatan Layanan Selektif Donald Trump menunjukkan bahwa dia menderita kondisi genetik sindrom Klinefelter.""",false
Meth di Louisiana terkontaminasi virus Zika.,false
"""Gilberto Hinojosa Mengatakan jika tindakan aborsi di Texas berhasil, """"seseorang yang tinggal di El Paso harus berkendara sejauh 550 mil sekali jalan ke San Antonio untuk sesuatu yang sederhana seperti pemeriksaan kanker serviks.""",false
Studi Kelenjar Getah Bening Mengguncang Pilar Perawatan Kanker Payudara,true
"Michele Bachmann Says Tim Pawlenty mengatakan pada tahun 2006, """"Era pemerintahan kecil telah berakhir... pemerintah harus lebih proaktif dan lebih agresif.""",true
Para ilmuwan memuji terobosan dalam sel induk mirip embrio.,true
The reason why the COVID-19 mortality rate and cases have decreased is due to preexisting immunity from T cells,false
"""Pasta gigi Colgate harus """"ditarik"".",false
Pengiriman stasiun luar angkasa diluncurkan dari pantai Virginia.,true
Eropa menilai apakah berat badan mempengaruhi keberhasilan 'pil pencegah kehamilan'.,true
"Celebrex berisiko pada pasien berisiko tinggi, demikian temuan penelitian.",true
"""Klaim faktual yang dibuat dalam video Facebook berjudul """"Apakah makanan Anda palsu atau asli? Cari tahu dengan 16 tes mudah ini di rumah!"""" adalah valid.""",false
"Sydney Brenner, yang membantu menguraikan kode genetik, meninggal pada usia 92 tahun.",true
Koktail untuk diingat? Obat mujarab nutrisi menunjukkan harapan melawan Alzheimer,false
Partai Demokrat mengungkap kebijakan baru menjelang pemilihan gubernur.,true
Tunisia: 12 bayi meninggal karena infeksi yang didapat di rumah sakit.,true
"Kematian akibat virus corona di Italia melonjak 793 dalam sehari, sehingga total kematian menjadi 4.825.",true
Chester Bennington dan Chris Cornell dibunuh karena hendak mengungkap jaringan pedofil.,false
Prosedur stent mengurangi masa tinggal untuk memperbaiki aneurisma,false
Spironolakton mungkin bisa menjadi alternatif pengganti antibiotik dalam pengobatan jerawat wanita,false
"Anggota Kongres Kathy Castor memilih untuk menghabiskan $2,6 juta untuk mengajar pelacur di Tiongkok untuk minum secara bertanggung jawab.",false
"Gempa dari gunung berapi Gunung Etna mengguncang Sisilia, memicu kepanikan.",true
"Sebuah penelitian di Penn State University menemukan bahwa ""rokok elektronik... jauh lebih tidak membuat ketagihan dibandingkan rokok.""",true
Panel Menegaskan Kembali Saran Mammogram yang Memicu Perdebatan Kanker Payudara,true
"Gereja diwajibkan oleh pemerintah setempat untuk mencatat dan mendaftarkan daftar hadirin untuk tujuan pelacakan di Kansas City, Missouri.",false
Postingan Facebook Mengatakan meninggalkan benda di bawah sinar matahari untuk menghindari tertular virus corona.,false
Tingkat kejahatan di negara bagian kita berada pada titik terendah dalam 40 tahun terakhir.,true
Sisa bawang bombay menjadi beracun hanya dalam satu hari karena merupakan magnet bagi bakteri.,false
Antibiotik Baru Melawan Resistensi Bakteri,false
Swiss mendesak masyarakat untuk tetap menerapkan langkah-langkah anti-virus selama Paskah.,true
"""Universitas Oxford melarang tepuk tangan karena membuat"" ""kepingan salju"" ""cemas.""",false
Riwayat Kanker Harus Pertimbangkan MRI: Studi,false
Jim Nabors menikah dengan Rock Hudson dan menikah satu sama lain.,false
Stelara J&J berhasil dalam studi penyakit usus kronis,false
FDA menyetujui alternatif berbiaya lebih rendah untuk obat bioteknologi Humira.,true
Pejabat UMass Amherst mengatakan 2 mahasiswanya menderita meningitis.,true
"""Seorang pengunjuk rasa COVID-19 memegang tanda bertuliskan """"moncong untuk anjing dan budak"","" di samping ilustrasi wanita kulit berwarna yang bertopeng.""",true
"Disney dapat secara sah mengklaim bahwa tidak ada seorang pun yang pernah meninggal di salah satu taman hiburan mereka, karena mereka selalu memastikan bahwa korban kecelakaan dikeluarkan dari properti taman sebelum dinyatakan meninggal.",false
Charles Manson adalah salah satu dari 437 pelamar yang mencoba The Monkees pada tahun 1965.,false
"""Statistik menunjukkan """"Anda sembilan kali lebih mungkin diserang oleh sopir taksi"""" di Austin dibandingkan sopir layanan ride-hailing.""",false
"Ketika virus corona menimbulkan dampak emosional, para profesional kesehatan mental bersiap menghadapi lonjakan permintaan.",true
"Hakim Kavanaugh, jika dikonfirmasi ke Mahkamah Agung, bisa menjadi penentu sebuah kasus yang berpotensi meningkatkan kekuatan pengampunan presiden secara signifikan.",true
"Kematian akibat kolera pertama tercatat sejak topan melanda pelabuhan Mozambik, kasusnya meningkat dua kali lipat.",true
"""Lebih baik mencari sekantong salad atau selada yang """"rata"""" di supermarket, karena yang """"gembung"""" mengandung produk yang lebih tua.""",false
Perangkat meningkatkan efisiensi pemompaan jantung,false
Penelitian yang didanai pemerintah menunjukkan bahwa serigala merah adalah spesies yang berbeda.,true
"""Injecting or consuming bleach or disinfectant kills the virus""",false
"""Pengadilan Swiss memenjarakan """"penyembuh"""" karena menulari 16 orang dengan HIV.""",true
Kombinasi obat mengurangi risiko kanker usus besar.,true
"""Saya akan segera menandatangani undang-undang tersebut, yang merupakan upaya legislatif terbesar dalam sejarah untuk mengatasi krisis opioid. ... Sangat sedikit dukungan dari Partai Demokrat.""",false
"""Portland Public Schools mengundang"" ""birokrat sekolah, administrator, guru, staf lain yang bergaji tinggi dan berkecukupan, siswa yang tidak membutuhkan, orang tua siswa yang kaya, dan orang dewasa lainnya, termasuk di sisi lain, tuna wisma dewasa, orang asing ilegal, teroris Muslim fanatik, atau orang jalanan yang kecanduan narkoba, untuk menikmati sarapan murah di fasilitas sekolah yang dibayar pembayar pajak di tengah-tengah anak-anak sekolah.""",false
Pejabat kesehatan memperingatkan spesies kutu baru yang ditemukan di negara bagian tersebut.,true
"Mooney dan rekan setimnya yang sehat menyemangati Brey, Irlandia.",true
"""Dewan penasihat pembayaran independen yang dibentuk berdasarkan undang-undang reformasi layanan kesehatan"" ""dapat menjatah perawatan dan menolak perawatan Medicare tertentu.""",false
"""Jika vaksinnya keluar besok, bagaimana kita bisa memberikannya kepada masyarakat? Tidak ada rencana permainannya.""",true
"""Gambar menggambarkan """"penyesuaian sikap"""" dan """"terapi senyum"""" yang dipaksakan kepada ibu rumah tangga Amerika pada tahun 1930-an yang dilembagakan karena """"tidak mengurus diri sendiri"""" dan bertindak """"depresi"".",false
"Gempa melanda Zagreb, PM desak jaga jarak sosial saat warga mengungsi dari gedung.",true
FDA menyetujui Pil Anti-Merokok Pfizer,true
"Olah raga di akhir pekan dapat memberi manfaat bagi kesehatan seperti halnya olah raga selama seminggu, kata para peneliti",true
Laba-laba 'telamonia bergaris dua' yang berbisa mengintai di bawah dudukan toilet di toilet umum.,false
"""Jake Tapper Mengatakan Kisah Asal"" ""Red Hood"" Joker adalah """"yang sebenarnya.""",false
Obat Exelixis memperlambat penyebaran kanker prostat dalam uji coba,false
FDA menyetujui tes kedua untuk melihat apakah kontrasepsi Essure dipasang dengan benar,false
"""Barack Obama Mengatakan bahwa sebagai gubernur Massachusetts, Mitt Romney """"mengecam pembangkit listrik tenaga batu bara, dengan mengatakan bahwa pembangkit listrik tersebut membunuh orang.""",true
"""Saya selalu tahu bahwa ini nyata, ini adalah pandemi. Saya sudah merasakannya sebagai pandemi jauh sebelum disebut pandemi.""",false
"Montana akan memberikan bison dari Yellowstone kepada suku-suku, bukan ke kebun binatang.",true
Penelitian baru menunjukkan bahwa ceri asam Montmorency dapat membantu meningkatkan kesehatan usus,false
"Pemerintah AS digugat dan dinyatakan bersalah atas pembunuhan Martin Luther King, Jr., namun media berita menolak melaporkannya.",false
Pasangan ini berupaya menghentikan rilis lebih banyak data vaksin.,true
Badan-badan kesehatan AS dan Eropa akan bermitra dengan produsen obat dalam memerangi virus corona.,true
Pantai Gading merupakan negara terbaru yang menindak minuman beralkohol dalam kemasan sachet.,true
Tes Respon Cepat Pertama untuk Tingkat Bifidobacterium dalam Mikrobioma Usus Bayi,false
Lebih dari 214.000 dokter memilih tidak ikut program Obamacare.,false
Basis data yang digunakan polisi untuk mencari tersangka yang dicari tidak termasuk surat perintah tertentu yang dikeluarkan oleh Pengadilan Kota Atlanta.,true
"Komedian memiliki ciri-ciri kepribadian psikotik, demikian temuan penelitian.",true
Banyak kelompok masyarakat yang meragukan vaksin COVID-19 bahkan sebelum ada vaksinnya.,true
Asuransi kesehatan melewati penduduk asli Amerika di New Mexico.,true
"""Amerika Serikat mempunyai""""rekor jumlah aborsi dari tahun ke tahun.""",false
Wanita membutuhkan lebih banyak tidur dibandingkan pria karena otak mereka lebih banyak digunakan sehari-hari.,false
Gubernur Gavin Newsom “tidak memiliki kewenangan hukum” untuk mewajibkan penggunaan penutup wajah di California.,false
Hutan Madagaskar dipenuhi ribuan orang yang mencari batu safir.,true
Neuroradiologi preventif: Pencitraan otak mendukung upaya menurunkan risiko Alzheimer,false
Sebuah pesawat diselamatkan oleh truk pickup setelah roda pendaratannya tidak berfungsi.,false
Seorang stuntman terbunuh selama pembuatan film adegan balapan kereta di 'Ben-Hur' versi 1959 dan kematiannya tertinggal di potongan terakhir.,false
Yayasan Bill Gates menyalurkan dana untuk toilet bertenaga surya.,true
"Ketika seseorang bersin, ia akan menyebar ke seluruh pesawat.",false
Beberapa bukti vitamin D dapat melawan pilek,true
Teknologi baru menjanjikan skrining kanker serviks yang lebih mudah,false
Para ilmuwan memprogram ulang fungsi sel dewasa,false
"WHO mengkonfirmasi kasus demam kuning di Belanda, mengatakan risikonya rendah.",true
"Sebelum UU No. 10, total biaya untuk mempekerjakan pegawai sektor publik 29 persen lebih tinggi dibandingkan biaya yang dikeluarkan di sektor swasta. Setelah tindakan tersebut, angkanya masih lebih tinggi 22 persen.",false
Pemimpin Thailand akan menerapkan tindakan darurat ketika infeksi virus meningkat.,true
Seorang bayi lahir dengan dua pikiran terpisah yang terbungkus dalam satu kepala.,false
"Email berisi kemarahan telah menjadi viral dan menuduh bahwa Senator Kalifornia Dianne Feinstein, dalam seruannya untuk lebih banyak pengendalian senjata, membuat komentar yang menyebut semua veteran sakit jiwa.",false
Sebuah eRumor membandingkan jumlah kematian terkait senjata di antara tentara yang tewas dalam aksi di Irak dengan jumlah kematian terkait senjata di Washington DC. Laporan ini menyimpulkan bahwa rasio kematian per 100.000 di Washington DC lebih buruk dibandingkan rasio yang sama di Irak dan ditutup dengan pernyataan bahwa AS harus menarik diri dari Washington!,false
Spanyol bertindak untuk mencegah PHK ketika jumlah kematian akibat virus corona mulai stabil.,true
Anggota parlemen Jerman menyetujui rencana vaksinasi campak wajib.,true
Pejabat: Remaja di kompetisi dansa di Arizona menderita campak.,true
Biomarker Tell-Tale Mendeteksi Kanker Payudara Dini dalam Studi yang Didanai NIH,false
"""Donald Trump Mengatakan Chris Cuomo dari CNN """"tidak pernah bertanya"""" Senator Richard Blumenthal tentang salah saji Blumenthal dalam dinasnya sendiri di Vietnam.""",false
11 rawat inap terkait dengan vaping di Wisconsin.,true
Partai Demokrat meluncurkan proposal layanan kesehatan yang besar di negara bagian.,true
Sheriff daerah Colorado menggandakan ukuran unit kesehatan mental.,true
Mahasiswa kedelapan Princeton didiagnosis menderita meningitis.,true
Afrika Selatan berisiko menyebarkan TBC yang resistan terhadap obat: studi.,true
Badai Irma bisa menjadi Kategori 6 saat melanda Pantai Timur.,false
Pengadilan Utah menolak tantangan terhadap undang-undang ganja medis.,true
Studi Serangan Jantung Menimbulkan Keraguan Terhadap Penggunaan Angioplasti Secara Rutin,true
Kematian mencapai 45 orang di panti jompo di Virginia yang disebut 'impian virus'.,true
Pusat Michigan dituduh memenuhi tuntutan rasis pasien.,true
Studi mamografi di Swedia menimbulkan lebih banyak kebingungan mengenai skrining kanker payudara,true
Laura Bush yang masih remaja menyebabkan kematian teman sekelasnya dalam kecelakaan mobil.,true
Saham anjlok ke posisi terendah dalam 8 bulan karena kekhawatiran terhadap pertumbuhan; J&J menukik.,true
"""Penjaga keamanan Mandalay Bay, Jesus Campos"" ""hilang"".",false
Tahukah Anda berapa banyak anak dalam sejarah Amerika Serikat yang tewas dalam kebakaran (di sekolah)? Nol.,false
"Sebagai jaksa agung, saya telah mengadili hakim, jaksa wilayah, dan pejabat publik lainnya di seluruh Texas yang melanggar kepercayaan (publik), dan telah dikorupsi.",true
Mantan senator John McCain menyalakan api sebagai pilot muda di kapal induk yang menewaskan 134 pelaut karena dia pamer.,false
"Christine Blasey Ford, yang bersaksi bahwa calon Mahkamah Agung Brett Kavanaugh melakukan pelecehan seksual terhadapnya pada tahun 1980-an, sebenarnya adalah komedian Amy Schumer yang sedang membuat sebuah karya seni pertunjukan.",false
Gambar viral Mengatakan 20 juta orang Tiongkok masuk Islam setelah terbukti bahwa virus corona tidak berdampak pada umat Islam.,false
Amerika “bertambah dari 75.000 kematian akibat flu tahun lalu di Amerika menjadi hampir 0”; apakah ada “permainan alokasi yang dimainkan untuk memanipulasi kebenaran?”,false
Sebuah foto menunjukkan dua pria berdiri di jalan di depan tornado di Oklahoma pada tahun 1898.,false
Virus corona dapat menyebar satu hingga tiga hari sebelum gejalanya muncul: studi CDC.,true
Prancis akan melarang rokok elektronik di depan umum.,true
Keraguan Terhadap Tes Kekambuhan Kanker Ovarium,true
"Getaran memburuk di pulau gunung berapi Selandia Baru, menghambat pemulihan jenazah.",true
India akan mengizinkan sebagian ekspor obat anti-malaria setelah Trump mengajukan banding.,true
"""Pemerintahan Obama akan memberi Pennsylvania $160 juta untuk membayar rencana asuransi kesehatan yang mencakup """"setiap aborsi legal.""",false
"Ketika Partai Demokrat akhirnya memaksimalkan pengeluaran pemerintah pada hari Senin, Kurt Schrader terus mendukung para pemimpin partainya karena gagal menawarkan solusi jangka panjang yang layak.",false
"""Planned Parenthood Says"" ""Scott Walker mencoba mengesahkan undang-undang yang mengizinkan apoteker memblokir akses perempuan terhadap alat kontrasepsi.""",false
Sebuah video memperlihatkan Koko si gorila secara spontan menggunakan bahasa isyarat untuk mengeluarkan peringatan tentang perubahan iklim.,false
"Todd Staples Mengatakan peraturan EPA tentang gas rumah kaca akan membahayakan 575 fasilitas peternakan sapi perah di Texas, 58 peternakan babi, 1.300 peternakan jagung, dan 28.000 peternakan sapi potong.",false
Italia menerapkan lockdown akibat virus corona ketika angka kematian melonjak dan perekonomian melemah.,true
"RUU Presiden Obama tidak akan menurunkan biaya (layanan kesehatan) bagi rata-rata orang Amerika – atau bahkan bagi segelintir orang Amerika, jika ada.",false
Bos Roche mengatakan Brexit dan pembatasan penggunaan narkoba merupakan ancaman bagi ilmu pengetahuan Inggris.,true
Pemerintah pasti sudah merencanakan pandemi virus corona karena rancangan undang-undang bantuan virus corona telah diperkenalkan tiga tahun sebelumnya.,false
Kombinasi obat baru meningkatkan kelangsungan hidup wanita penderita kanker rahim langka,false
Sekjen PBB: Manfaatkan pandemi ini untuk ‘membangun kembali dunia kita menjadi lebih baik’.,true
Terakhir kali ada lonjakan kepercayaan terhadap kompetensi pemerintah terjadi pada masa pemerintahan Ronald Reagan.,false
Industri asuransi kesehatan telah “setuju untuk mengesampingkan semua pembayaran tambahan untuk perawatan virus corona.”,false
Transplantasi sel induk dapat menginduksi remisi multiple sclerosis dalam jangka panjang,false
Kematian akibat virus corona di Italia melampaui angka 7.500 di tengah kekhawatiran penyebaran ke wilayah selatan.,true
"$2,4 juta dari dolar NIH dihabiskan untuk kondom 'origami'.",true
"Sebuah studi CDC yang diterbitkan pada bulan September 2020 menunjukkan bahwa semakin banyak orang yang memakai masker mengidap COVID-19, oleh karena itu masker tidak berfungsi atau membuat kita lebih mungkin tertular COVID-19",false
Pertanyaan studi tentang penggunaan angioplasti pada beberapa pasien,true
Kekurangan dokter di pedesaan mendorong dibukanya sekolah kedokteran.,true
Terapi “pikiran-tubuh” menjanjikan untuk fibromyalgia,true
Nama yang familiar: Kennedy dari Partai Demokrat melawan Partai Republik dalam bidang layanan kesehatan.,true
"Toko minuman keras di NC dianggap penting “karena ada banyak orang yang secara kimiawi bergantung pada alkohol dan jika kami tiba-tiba memutus akses mereka, mereka akan melakukan penarikan dan membanjiri ruang gawat darurat.”",false
Sepasang suami istri yang ingin hamil melalui IVF menemukan melalui tes DNA bahwa mereka adalah saudara kembar.,false
"Dokumen kebijakan “persatuan” Joe Biden-Bernie Sanders menunjukkan “mereka ingin menghapuskan departemen kepolisian kita. Mereka ingin menghapuskan penjara kita, saya rasa.”",false
Kapan vaksin COVID-19 siap didistribusikan?,true
"""Dewan Ekspor Susu A.S. Mengatakan proposal WHO """"menggambarkan susu dan produk susu sebagai hambatan untuk memulai hidup yang sehat.""",false
“Radiasi Ultraviolet dimasukkan ke dalam tubuh sebagai disinfektan untuk membunuh bakteri dan virus dan ini telah digunakan selama beberapa waktu sekarang.”,false
"""Amonia digunakan dalam banyak makanan, bukan hanya """"lendir merah muda"""".""",true
"Hillary Clinton dikutip mengatakan, ""Saya akan menutup NRA untuk selamanya jika saya menjadi presiden. Jika kami dapat melarang penggunaan senjata api, kami akan melakukannya"" dalam sebuah wawancara dengan Des Moines Register pada bulan Agustus 2015.",false
"Umur saya 59 tahun. Baik di Kanada atau Inggris, jika pinggul saya patah, saya tidak dapat menggantinya.",false
Penderita alergi mendapat kelegaan dalam pasta gigi imunoterapi,false
Seorang mahasiswa mengalami koma setelah menelan dua galon air mani sebagai bagian dari tantangan media sosial.,false
Perbaikan prenatal terhadap ancaman kembar,false
Minum empat gelas air setiap awal hari akan mencegah serangan jantung dan menyembuhkan berbagai penyakit.,false
Perangkat memberikan kehidupan baru kepada penderita apnea tidur,false
Luke Perry meninggal karena stroke setelah menerima vaksin pneumonia.,false
Irlandia meluncurkan rencana harga alkohol minimum untuk mengurangi konsumsi minuman beralkohol.,true
"Lebih dari 50 orang tertular herpes karena meminum air mandi yang dijual oleh bintang Instagram Belle Delphine, pada Juli 2019.",false
Meringankan Rasa Sakit: Harapan Baru bagi Penderita Migrain,false
Oramed dari Israel selangkah lebih dekat dalam perlombaan untuk pil insulin pertama.,true
"Email ini mencantumkan tujuh dugaan keputusan pengadilan di berbagai negara bagian di AS yang memberikan hadiah uang tunai dalam jumlah besar kepada orang-orang dalam keadaan yang tampaknya tidak masuk akal, termasuk saat mereka bertanggung jawab atas cedera atau kehilangan mereka sendiri.  Versi selanjutnya mengatakan bahwa kasus-kasus pengadilan ini telah memenangkan “Stella Award,” yang diambil dari nama seorang wanita lanjut usia yang memenangkan penghargaan besar dari tuntutan hukum terhadap McDonalds.",false
Plutonium ditemukan di tanah Colorado; Tes ke-2 menunjukkan level yang lebih rendah.,true
Dokumen rekam medis yang bocor menunjukkan bahwa Hillary Clinton menunjukkan tanda-tanda demensia dan penyakit serius.,false
Jumlah penyakit vaping yang terkonfirmasi di Idaho bertambah menjadi 6.,true
"""Saya mengerahkan Garda Nasional Texas"""" ke perbatasan Texas-Meksiko. """"Dan kebijakan tersebut berhasil; kekhawatiran di perbatasan menurun 74 persen.""",false
"Sebenarnya, Planned Parenthood tidak menyediakan mammogram. Planned Parenthood merujuk perempuan ke penyedia mamografi, yang bertindak sebagai perantara, jika Anda mau.",true
Hampir 25 persen dari seluruh kecelakaan mobil disebabkan oleh SMS saat mengemudi.,false
"Mitch McConnell mengatakan dia ingin negara-negara bagian bangkrut daripada pemerintah federal memberikan bantuan. Hari ini, Thom Tillis setuju.",false
Beberapa Obat Tekanan Darah Dapat Mencegah Demensia,true
"""Marijuana adalah obat Golongan I,"" ""yang Anda pahami berarti Anda tidak dapat melakukan penelitian apa pun tentangnya.""",false
Apa buruknya makanan olahan? Para ilmuwan memberikan petunjuk.,true
Panel menolak aspirin sebagai pencegah kanker,false
Seorang pria New York meninggal setelah tertular infeksi E. coli akibat melakukan analingus pada pacarnya.,false
"""George Flinn Mengatakan"" ""patennya dalam USG telah merevolusi pengobatan modern.""",false
Studi baru dari KKI menunjukkan kelayakan akupunktur pada anak kecil penderita ASD,false
Studi Klinis Tinjauan Sejawat Baru Berhasil Memvalidasi Penggunaan Proove Opioid Risk® Untuk Memprediksi Penyalahgunaan Resep Opioid,false
Kedokteran Gigi Tanpa Bor: Perawatan Fluorida Dapat Mencegah Gigi Berlubang Pada Orang Dewasa,true
Kegilaan anti-penuaan terbaru 'Terapi Drakula' melibatkan penyuntikan darah Anda sendiri ke wajah Anda,false
Pil Menawarkan Cara Lebih Mudah untuk Mengobati MS,true
Pensiun di pedesaan dalam bayang-bayang radioaktif Chernobyl.,true
"""Selama"" setahun terakhir, saya disensor """" dan diberangus.""",false
"""Membilas hidung dengan larutan garam melindungi dari virus corona""",false
Program menunjukkan janji untuk menghapus ular piton dari Everglades.,true
Makan kalkun membuat orang sangat mengantuk.,false
Pemindaian Otak Memprediksi Perbaikan Disleksia,false
"Berbagai penelitian “semuanya mengatakan selama beberapa dekade, masker tidak dapat bekerja melawan virus.”",false
Inggris semakin dekat untuk melegalkan penggunaan ganja untuk tujuan pengobatan.,true
"Sebuah komentar berjudul, “Mengenal John McCain yang Sebenarnya” oleh Burma Davis Posey mulai beredar pada bulan Agustus 2017 setelah Senator McCain memberikan suara menentang rencana Partai Republik untuk mencabut Obamacare.",true
Teknologi 'brain shuttle' Roche menawarkan harapan bagi Alzheimer.,true
Daerah California mencoba melarang pertanian pot seiring berkembangnya bisnis ganja medis.,true
Gubernur California mengatakan pemadaman listrik secara luas untuk mencegah kebakaran 'tidak dapat diterima'.,true
"""Dapur Louisiana Popeye menjual"" ""ayam pendukung emosional"" ""untuk penumpang penerbangan yang lelah.""",true
"""Pengabaian dalam Undang-Undang Perawatan Kesehatan Amerika """"tidak berlaku untuk hal-hal seperti jaminan kehamilan.""",false
El Paso adalah salah satu kota paling berbahaya di AS sebelum pagar perbatasan dibangun di sana.,false
"Kairo, kota yang tidak pernah tidur, ditutup karena jam malam akibat virus corona.",true
Campak dan ketidakpercayaan terhadap Ukraina melemahkan pertahanan dunia.,true
"Buzz Kesehatan: Plum Kering Dapat Mengurangi Risiko Kanker Usus Besar Camilan manis dapat memengaruhi bakteri usus, kata para peneliti.",false
Hasil rontgen mendokumentasikan seorang pria di Tiongkok yang tubuhnya dipenuhi cacing pita karena konsumsi sashimi.,false
Perusahaan bioteknologi Swiss memulai uji coba vaksin Alzheimer baru.,true
Bantuan teknologi tinggi untuk tumor fibroid,false
"""Orang iseng secara singkat mengubah tanda """"Hollywood"""" yang ikonik di California menjadi """"Hollyweed"".",true
"""Undang-undang layanan kesehatan yang baru akan """"memaksa warga lanjut usia untuk ikut serta dalam program layanan kesehatan yang dikelola pemerintah Barack Obama.""",false
"Pria yang mengancam keluarga Trump, tokoh media mendapat hukuman 5 tahun.",true
Anggota Kongres Ros-Lehtinen memiliki catatan panjang dalam memberikan suara menentang perbaikan simpanan VA.,false
Memulihkan testosteron daripada menggantinya membantu menjaga kesuburan pria,false
"Studi Baru Menunjukkan Balon dalam Kapsul Membantu Pasien Menurunkan Berat Badan Hampir Dua Kali Lebih Banyak Dibandingkan Diet, Olahraga, dan Terapi Gaya Hidup Saja",false
Ini adalah email yang diteruskan berisi enam pertanyaan sepele yang menuduh Hillary Clinton adalah seorang sosialis dengan kecenderungan Marxis.,false
"""Prioritas Tindakan AS Mengatakan Donald Trump mengejek"" ""seseorang penyandang disabilitas.""",true
Pembedahan meningkatkan tingkat kelangsungan hidup pria penderita kanker prostat jika pengobatan radiasi gagal,false
Audit: Kantor lingkungan hidup negara bagian memiliki sistem TI yang ‘gagal’.,true
"“Tingkat infeksi di wilayah Allegany, Cattaraugus, dan Chautauqua secara konsisten termasuk yang terendah di negara bagian tersebut.”",true
"""MIT menawarkan""""sertifikat bajak laut"""" kepada siswa yang menyelesaikan empat kursus pendidikan jasmani.""",true
Gubernur California mencari $1 miliar untuk menargetkan tunawisma.,true
Studi Menemukan Obat MS yang Ditarik Efektif,false
“Siapa pun yang ingin dites (untuk virus corona) bisa mendapatkan tes.”,false
"Denver, Colorado utara, gagal memenuhi peraturan udara bersih AS.",true
"Dua obat pengencer darah baru yang lebih baik dari Plavix dan warfarin, kata penelitian",true
Hanya setelah tersiar kabar bahwa para veteran kita sekarat karena perawatan kesehatan yang tidak memadai barulah Harry Reid dan Senat Demokrat mengambil tindakan.,false
"Menurut laporan baru-baru ini, sekelompok panel kematian yang diorganisir di bawah Obamacare memerintahkan eksekusi pertama mereka.",false
"Ini adalah video YouTube yang beredar di Internet yang diduga dilakukan oleh seorang gadis berusia 15 tahun bernama Amanda Todd.   Dia menceritakan bagaimana seseorang di Internet membujuknya untuk memamerkan dadanya dalam sesi webcam dan bagaimana kejadian selanjutnya menyebabkan depresi, kecanduan, dan bunuh diri.",true
Makanan kantin kampus dicampur dengan obat pencahar.,false
Minyak Zaitun Terkait dengan Penurunan Risiko Stroke,true
Pertarungan melawan diabetes 'hilang' ketika kasusnya mencapai rekor 382 juta.,true
Vaksin HPV Dapat Melindungi Wanita dari Berbagai Usia,false
"Edwards terpilih kembali, gereja-gereja kulit hitam dibakar di antara berita-berita utama.",true
"Bercak darah terlihat di mata kiri Joe Biden, calon presiden AS dari Partai Demokrat tahun 2020, saat debat CNN pada September 2019.",true
"Allergan Diberikan Izin Pemasaran oleh FDA untuk TrueTear™, Perangkat Neurostimulasi Intranasal Pertama yang Terbukti Meningkatkan Produksi Air Mata untuk Sementara",false
"""John Morgan Mengatakan Cathy Jordan""""ditangkap"""" dan diseret keluar dari rumahnya oleh """"tim hooligan SWAT"""" karena menggunakan mariyuana medis.""",false
Pegangan keranjang belanjaan penuh dengan kuman.,true
Pengobatan kanker menawarkan harapan bagi pasien MS setelah hasil uji coba yang 'luar biasa',false
USC setuju untuk membayar $215 juta untuk menyelesaikan klaim pelecehan seksual oleh dokter.,true
Laporan tersebar luas bahwa Pusat Pengendalian dan Pencegahan Penyakit (CDC) sedang menguji vaksin percobaan untuk virus Ebola yang hanya bekerja untuk orang berkulit putih.,false
"Orang tua mendapatkan kotak kunci resep, tas pembuangan.",true
Allergan Menerima Izin FDA Untuk Perawatan CoolSculpting® Untuk Memperbaiki Penampilan Jaringan Kendur di Dagu Ganda,false
Serikat pemain NBA mempekerjakan direktur kesehatan mental.,true
Warga Israel menerapkan lockdown virus corona untuk perayaan hari raya Paskah.,true
"""Seorang wanita mengaku dia"" ""sangat malu"" dengan wahana bertema Harry Potter setelah diluncurkan.""",false
Jeepers Creepers terakhir bangun pada tahun 1997... & dia bangkit setiap 23 tahun.... 2020...... pada titik ini saya tidak akan terkejut melihatnya.,false
Gel kurkumin topikal efektif dalam mengobati luka bakar dan luka bakar,false
Terapi Gen Menunjukkan Potensi Melawan Gagal Jantung,false
"""Pada tahun 2018 atau 2019, Brea Olinda Unified School District di California """"mengajarkan pedofilia sebagai orientasi seksual.""",false
Gambar viral Mengatakan pekerja dapur dalam video viral berpotensi menyebarkan virus corona dengan meniup wadah makanan.,false
"Bumi berumur 6.000 tahun, itu faktanya.",false
"Tingkat kematian akibat COVID-19 sangat rendah, oleh karena itu COVID-19 bukan merupakan masalah kesehatan masyarakat yang penting; jika Anda berusia 70+ tahun, Anda memiliki peluang 0,054% meninggal akibat COVID-19",false
Studi menemukan penggunaan defibrilator implan secara berlebihan,true
"Pada tahun 2011 saja, 269 warga New Jersey terbunuh akibat kekerasan senjata.",true
"""Pada kesempatan berfoto di konvensi pedagang grosir tahun 1992, Presiden George Bush """"kagum"" saat menemukan pemindai supermarket untuk pertama kalinya.""",false
Penerima Medal of Honor Kyle Carpenter dicabut penghargaannya karena gagal menyelesaikan kursus mengemudi kecil saat bertugas aktif.,false
"""Minum anggur sebelum tidur"" ""resmi membuatmu kurus.""",false
Castro bertemu dengan para pemimpin Nevada Latino menjelang pencalonan tahun 2020.,true
Gangguan panggul yang umum terjadi pada wanita: studi.,true
"""The Simpsons"""" Acara TV meramalkan wabah virus corona baru pada tahun 2020 dalam episode tahun 1993. """,false
Eksklusif: India setuju untuk menjual hydroxychloroquine ke Malaysia untuk membantu memerangi COVID-19.,true
"""Pada 13 Agustus 2020, Presiden A.S. Donald Trump berkata: """"Mereka memerlukan uang tersebut agar kantor pos dapat berfungsi sehingga dapat menampung jutaan dan jutaan surat suara... Sekarang, jika kita tidak membuat kesepakatan, itu berarti mereka tidak mendapatkan uang. Itu berarti mereka tidak dapat melakukan pemungutan suara melalui pos secara universal, mereka tidak dapat memperolehnya.”""",true
'Cawan suci penelitian kanker': dokter positif mengenai tes darah deteksi dini,false
""""" Ganja sintetis """" yang disetujui FDA menyebabkan kematian di Illinois.""",false
"Saat pelari pemula memasuki jalan terbuka, para ahli menyarankan untuk melakukannya perlahan-lahan.",true
"Flu burung yang sangat menular ditemukan di Jepang, pemusnahan dimulai.",true
“Hampir 75 persen kematian akibat COVID-19 di negara bagian Texas disebabkan oleh orang yang tertular COVID-19 berusia 65 tahun ke atas.”,true
Seorang wanita menyelamatkan banyak nyawa dengan menggunakan pistolnya yang tersembunyi untuk menjatuhkan seorang penembak di department store di Virginia.,false
Konsumsi ikan setiap minggu dikaitkan dengan kualitas tidur yang lebih baik dan IQ yang lebih tinggi,false
Para pemuja setan telah bekerja sama dengan ACLU dan Planned Parenthood di Missouri untuk mencabut hak-hak bayi yang belum dilahirkan.,false
"Olah raga, obat-obatan, keduanya membantu pasien jantung yang depresi.",true
Perawat yang menyerahkan tes virus corona mengatakan semuanya positif.,false
Program untuk menghadirkan sumber daya kesehatan mental ke sekolah-sekolah Detroit.,true
"15 tahun yang lalu, biaya obat kanker rata-rata $10.000 per tahun. Sekarang $10.000 sebulan.",true
Para aktivis memperingatkan sungai-sungai di Balkan berisiko terkena dampak pembangkit listrik tenaga air.,true
Sekarang sudah resmi: FDA mengumumkan bahwa vaksin menyebabkan autisme.,false
Seorang wanita terluka saat mencoba mencuri kembang api dari Walmart dengan menyembunyikannya di dalam vaginanya.,false
Pil asma Novartis menjanjikan dalam uji coba kecil,true
Seorang wanita berusia 43 tahun memaksa suaminya yang tidak setia untuk memakan alat kelaminnya sendiri.,false
FBI: Perusahaan barel Seattle menggunakan saluran tersembunyi untuk mencemari.,true
"""Perangkat baru ini diklaim sebagai """"tombol mati untuk nyeri haid""."" Dan mungkin benar-benar berfungsi.""",true
Buah sebaiknya dimakan dalam keadaan perut kosong agar tubuh dapat menyerapnya dengan baik.,false
Pengobatan diabetes tipe 1 dapat mengakhiri kebutuhan akan suntikan insulin,false
"Masker kain tidak dapat menghalangi partikel asap yang berukuran lebih besar dari virus, sehingga masker tidak dapat menghentikan penyebaran virus",false
Mencari jawaban atas kekurangan OB-GYN di pedesaan Wisconsin.,true
"""Meskipun rapper Tekashi 69"" ""mengadu"", ""guru gaya hidup Martha Stewart masuk penjara tanpa memberikan bukti tentang orang lain untuk menghindari hukuman.""",true
Vaksin HPV baru menawarkan perlindungan lebih besar terhadap kanker serviks dibandingkan vaksin saat ini,true
Obat AIDS Menunjukkan Janji Pencegahan,false
Peningkatan jumlah PMS di Hawaii terkait dengan kencan online.,true
HETLIOZ® (tasimelteon) Menunjukkan Kemanjuran untuk Mengobati Gangguan Jet Lag dalam Studi Klinis Lanjutan Fase 8 Jam,false
"“Jika kami menghentikan pengujian sekarang, kasus kami akan sangat sedikit, jika ada.”",false
Rumania melaporkan 500 wabah demam babi Afrika pada babi.,true
Kebun binatang di New Delhi ditutup sementara setelah burung mati karena flu burung.,true
Masalah kesehatan mental yang 'belum pernah terjadi sebelumnya' terlihat di Hong Kong di tengah ketakutan akan virus.,true
Kita tidak bisa mengalahkan kanker hanya dengan obat-obatan; pencegahan penting: WHO.,true
Kami diberitahu bahwa tidak akan pernah ada kasus Ebola di Amerika Serikat.,false
Tiongkok menyetujui vaksin flu burung untuk manusia.,true
Wajah terbaik ke depan: popularitas implan dagu melonjak.,true
"Pengunjuk rasa Buffalo yang didorong ke tanah ""sebelumnya telah ditangkap 300 kali. 82 kali karena penghasutan. Kerusuhan adalah pekerjaannya.""",false
"""Jika Anda memberikan suara melalui surat, informasi pribadi Anda akan menjadi bagian dari basis data publik yang akan digunakan oleh departemen kepolisian untuk melacak surat perintah lama dan digunakan oleh perusahaan kartu kredit untuk menagih utang yang belum dibayar. CDC bahkan mendorong penggunaan catatan pemungutan suara melalui surat untuk melacak orang-orang yang akan mendapatkan vaksin wajib.""",false
Empat robot yang dikendalikan AI membunuh 29 ilmuwan di Jepang pada Agustus 2017.,false
"""Tujuh ""saksi kunci"" penembakan massal 1 Oktober 2017 di Las Vegas secara mencurigakan tewas karena ditutup-tutupi.""",false
Sebuah surat yang mengkritik mahasiswa Universitas Oxford atas keinginan mereka untuk memindahkan patung Cecil Rhodes ditulis oleh pejabat sekolah.,false
Kelelawar pembawa rabies meningkatkan kewaspadaan di barat daya Utah.,true
Panel Perancis: Rebut senjata untuk mengurangi kekerasan dalam rumah tangga.,true
Sebuah tweet mereproduksi kalimat berdurasi 90 detik dari pidato Donald Trump.,true
Florida berada di urutan ke-49 dalam pengeluaran per kapita untuk perawatan kesehatan mental.,true
"""Astronot dan mantan pemain NFL Leland Melvin menulis surat terbuka kepada Donald Trump mengenai komentar Presiden tentang protes""""Berlutut"""".",true
Studi klinis menunjukkan 'CHORI-bar' menghasilkan peningkatan kesehatan skala luas: Manfaat terlihat setelah 2 bulan konsumsi nutrisi bar,false
Bloomberg mengatakan dia ingin melarang penggunaan senjata lebih dari tiga peluru.,false
Austria akan mewajibkan masker wajah di supermarket.,true
Pil Baru Ditemukan Dapat Mengurangi Berat Badan Dengan Sedikit Efek Samping: Belajar,true
"Ivanka Trump mengatakan Dr. Fauci berusaha membuat ayahnya """"terlihat tidak kompeten.""",false
Memikirkan Kembali Penggunaan Hormon untuk Meringankan Gejala Menopause,false
Bentuk flu burung yang ringan ditemukan pada kawanan kalkun Minnesota.,true
Hiu tertarik ke perairan hangat oleh pembangkit listrik pesisir Israel.,true
"""Anak laki-laki yang sama meninggal karena COVID-19 di tiga negara berbeda. Masih tidak percaya media adalah #fakenews?""",false
"""Kelompok nirlaba Feeding America berbohong ketika mereka mengklaim""""bahwa satu dari lima anak berjuang melawan kelaparan setiap hari"""" di Amerika Serikat.""",false
"Pada Mei 2020, para ilmuwan menemukan bukti adanya alam semesta paralel, dan di dalamnya, waktu berjalan mundur.",false
Leah Remini mengetahui selama acara prank telepon Ellen DeGeneres bahwa suaminya selingkuh.,false
Presiden Donald Trump “menunda SEMUA PENGgusuran hingga bulan Desember.”,false
Sebuah foto menunjukkan gerbong kereta yang diidentifikasi membawa 'COVID-19.',false
Kelahiran sesar mencapai rekor tertinggi pada tahun 2007.,true
"""Setelah pemerintah AS menandatangani perjanjian PBB mengenai senjata konvensional, """"semua warga negara AS akan tunduk pada undang-undang senjata yang dibuat oleh pemerintah asing.""",false
Dua puluh tiga negara bagian telah sepakat untuk memberlakukan larangan total terhadap segala bentuk amunisi hollow point.,false
Perawatan hidung mengurangi infeksi yang didapat di rumah sakit,false
“Saya tidak melihat ada masa dalam sejarah negara ini ketika orang-orang yang sangat sehat hanya bisa berdiam diri di rumah atau hanya mampu melakukan hal-hal penting seperti di Kansas City atau St. Louis.”,false
Pengobatan gangguan panik bisa menjadi angin segar,true
Paus pada Hari Pangan Sedunia menyesalkan paradoks kelaparan dan obesitas.,true
Orang-orang gila menyuntikkan darah yang terinfeksi HIV ke penonton bioskop yang tidak curiga dan orang-orang muda yang menari secara acak di bar atau di rave.,false
"""Nobel untuk kuantum"" ""trik ruang tamu"" yang bisa membuat komputer super.""",true
"'Ini bukan ganja ibumu,' kata dokter bedah umum.",true
Asia bersiap menghadapi gelombang bumerang virus corona ketika penduduknya kembali ke rumah.,true
Pejabat Quebec mengkonfirmasi penyakit pertama yang berhubungan dengan vaping.,true
"""Tidak ada negara lain yang bisa menyamai"""" hampir 40.000 orang di negara ini"""" yang hilang akibat kekerasan senjata.""",false
"""Di Wisconsin, """"kematian akibat kekerasan dalam rumah tangga berada pada titik tertinggi dalam 10 tahun.""",true
Wendy Williams akan mengambil istirahat terkait kesehatan dari acara TV.,true
"""Tentang pengambilan hadiah, """"Bob McDonnell mengambil sebagian kecil dari apa yang diambil (Tim) Kaine.""",false
Charlie Crist Mengatakan dia belum mengubah pandangannya tentang pembatasan aborsi.,false
"Email ini merupakan peringatan bagi pengemudi di California atau Texas tentang beberapa undang-undang baru yang harus diperhatikan, yang menurut email tersebut akan mulai berlaku pada tanggal 1 Juli 2007.",false
Masyarakat Gambia merangkul kebebasan baru dengan aktivisme lingkungan.,true
Biopsi yang Kurang Invasif Mendapatkan Dukungan,false
Dana disabilitas Jaminan Sosial akan membengkak pada tahun 2016.,true
"“Tidak ada “satu negara Muslim” yang tidak memiliki “”diskriminasi terhadap perempuan, diskriminasi terhadap kaum gay, penaklukan keyakinan agama lain.”",false
Kipas angin listrik yang dibiarkan menyala semalaman membunuh orang yang tertidur karena angin yang dihasilkannya.,false
Vaksin menawarkan harapan baru untuk menghilangkan lesi prakanker serviks,false
Vaksin alergi DNA menunjukkan harapan,true
Brasil akan membuat versi generik obat utama AIDS.,true
"Ketika pasukan bersiap meninggalkan Afghanistan, akankah bantuan mengalir?",true
"Pada tahun 2006, sisa kerangka Joyce Carol Vincent ditemukan di rumahnya, dengan televisi menyala, bertahun-tahun setelah kematiannya.",true
USG Dengan Elastografi Dapat Mengurangi Biopsi,false
Daerah Paling Hijau di Amerika.,false
Tautan cacat lahir-antidepresan ditemukan,true
"Weight Watchers berhasil, demikian temuan studi ilmiah.",true
Wanita yang pergi ke rumah sakit dua kali dinyatakan positif terkena virus.,true
Postingan Facebook Mengatakan video kantong jenazah yang dibuang ke selokan menunjukkan “situasi di Italia” akibat virus corona.,false
"Epidemi campak di Madagaskar menewaskan lebih dari 900 orang, kata WHO.",true
India membangun kota 'pintar' pertama seiring dengan meningkatnya populasi perkotaan.,true
"Sebuah panel pemerintah yang tidak menyertakan spesialis kanker mengatakan perempuan tidak boleh menerima mammogram sampai usia 50 tahun...Jika pemerintah mengambil alih layanan kesehatan, rekomendasi seperti ini bisa menjadi undang-undang untuk semua jenis penyakit.",false
"Saat bertemu Presiden Donald Trump pada Juli 2018, Ratu Elizabeth mengenakan bros pemberian mantan presiden Barack Obama.",false
"Postingan Instagram mengatakan “Bill Gates dan globalis lainnya, bekerja sama dengan perusahaan farmasi, dilaporkan berupaya untuk mendorong gelang pelacak dan ‘tato tak terlihat’ untuk memantau orang Amerika selama lockdown yang akan datang.”",false
"""David Holmes Mengatakan Gerald Daugherty menganjurkan penurunan hukuman untuk kejahatan seperti pencekikan dalam kasus kekerasan dalam rumah tangga karena """"mereka hanya 'melemparkan lebih banyak orang ke dalam sistem'"""" penjara """"'.",false
Departemen kesehatan Montana akan memberlakukan larangan vaping beraroma.,true
Gerakan 'Telapak Tangan Baik' di Indonesia mengobarkan kemarahan bagaikan asap yang mengepulkan langit.,true
"""Donald Trump Mengatakan sistem pemilu AS""""dicurangi"".",false
Rumah baru pahlawan 'Dolphin Tale' yang terlibat dalam politik akuarium.,true
"Noem: Tidak ada perintah tinggal di rumah, nyatakan untuk menguji obat anti malaria.",true
Studi menemukan bahwa pemotongan kesejahteraan dapat menyebabkan hilangnya nyawa.,true
"""John Thomaides Mengatakan wilayah metro Austin """"akan memimpin"""" bangsa """"dengan pertumbuhan populasi lebih dari 50%"""" selama 30 tahun ke depan.""",true
Mobil listrik menang? Inggris akan melarang mobil bensin dan diesel baru mulai tahun 2040.,true
Wanita: Buka bajumu dan takuti teroris!,false
"American Hustle menunjukkan FBI melakukan suap di kehidupan nyata kepada politisi Washington. Saya tahu, karena sebagai senator AS Anda, saya menolaknya.",true
"Jumlah rawat inap akibat virus corona di New York menurun, New Jersey meluncurkan penyelidikan di panti jompo.",true
Hewan Peliharaan Membantu Manusia Mengatasi Pandemi: Studi,true
"Bill Zedler mengatakan program federal yang mengumpulkan laporan efek samping vaksinasi tidak menerima kemungkinan akibat yang mencakup kecelakaan di jalan raya, serangan jantung, atau bunuh diri.",false
"Menurut Pusat Pengendalian dan Pencegahan Penyakit (CDC), sekitar 120 orang Amerika rata-rata meninggal karena overdosis obat setiap hari. Secara keseluruhan, jumlah kematian akibat overdosis narkoba kini melebihi jumlah kematian akibat senjata api.",true
"""Beberapa orang Amerika perlu masuk ke IRS.gov untuk menerima pembayaran stimulus mereka melalui alat """"Dapatkan Pembayaran Saya"""" IRS.""",true
Teh hitam juga dapat membantu menurunkan berat badan,false
"Regenerasi tulang rawan membangun lutut baru, dari dalam",false
Adakah yang bisa menghentikan eksperimen bayi yang disunting gennya?,true
Potret mural Greta Thunberg di San Francisco menggunakan 700 galon cat semprot.,false
Air rumah sakit sekarang boleh digunakan setelah wabah Legiuner.,true
Journal of Surgical Oncology Menerbitkan Studi yang Menunjukkan Hasil Oncotype DX® DCIS Score™ Mengubah Rekomendasi Perawatan pada 30 Persen Pasien Kanker Payudara DCIS Dokter Memberi Peringkat Oncotype DX DCIS Score Faktor Paling Penting dalam Perencanaan Perawatan,false
"Perawatan spa ""pelarutan lemak"" tidak ada yang namanya: FDA.""",true
"""Beberapa kali, Obama """"meminta maaf atas apa yang dianggapnya sebagai arogansi, sikap meremehkan, dan cemoohan Amerika; karena mendikte solusi, karena bertindak secara sepihak ....""",false
Kasus PMS meningkat di Montana.,true
"""The Gates Foundation""""menguji vaksin polio di India antara tahun 2000 & 2017 dan melumpuhkan 496.000 anak.""",false
Hubungan muda dengan operasi 'Tommy John',false
Tidak ada pertanyaan tentang hak-hak reproduksi dalam debat Demokrat.,true
Badan PBB: Virus Tiongkok ‘terlalu dini’ untuk deklarasi darurat.,true
Ratusan orang meninggal setelah memakan “Patti Ubi Jalar” merek Patti LaBelle.,false
"Ingin Hidup Lebih Lama? Setiap Gerakan Penting, Bahkan Membersihkan Rumah",false
Berduka atas 'ibu super': Korban pekerja kesehatan di AS meningkat dalam perang melawan virus.,true
Tes Darah Berbasis Biochip Baru Mendeteksi Peningkatan Risiko Penyakit Alzheimer,false
Peneliti Joslin Melakukan Uji Coba Pertama Secara Langsung Membandingkan Obat untuk Edema Makula Diabetik dan Menemukan Semuanya Efektif,true
"Vaksin Medicare dan virus corona: Cakupan, biaya, dan lainnya",true
Penggunaan bahan kimia terhadap fasilitas medis dianggap sebagai kejahatan perang menurut perjanjian internasional.,true
Sebelas negara bagian memberlakukan jam malam truk mulai pukul 23.00 hingga 06.00.,false
"Delhi menutup sekolah, menghentikan pembangunan untuk mengatasi polusi.",true
"Minum sehari baik untuk wanita paruh baya, demikian temuan penelitian",false
"Khawatir akan membuat Tiongkok kesal, Trump menawarkan pandangan positif terhadap ancaman virus.",true
Hormon pertumbuhan mengurangi risiko patah tulang akibat osteoporosis pada wanita yang lebih tua,false
Nutrition Hub memulai kegilaan bar nutrisi di daerah Memphis.,true
Mengantri untuk selamanya: Fosil menunjukkan bahwa antrean adalah dorongan utama.,true
“Coronavirus was created in Wuhan lab and released intentionally.”,false
Pembawa acara TV anak-anak Barney si dinosaurus ungu ditangkap dengan kokain yang disembunyikan di ekornya dan mengumpat seorang anak.,false
Keraguan Dikutip pada Kombinasi Aspirin-Pengencer Darah,true
Mata Merah Pence Menimbulkan Kekhawatiran akan COVID,true
“(Sebuah penelitian baru-baru ini) mengatakan bahwa ‘Medicare for All’ akan menurunkan biaya perawatan kesehatan di negara ini sebesar $450 miliar per tahun dan menyelamatkan nyawa 68.000 orang yang seharusnya meninggal.”,false
FDA Menyetujui Perawatan Cotellic Roche untuk Melanoma,false
Dale Earnhardt Jr. melewatkan setidaknya 2 balapan lagi.,true
Gadis Selandia Baru yang terkena campak mengunjungi Disneyland dan destinasi California lainnya.,true
"Korban meninggal akibat virus corona di Iran mencapai 26 orang, banyak salat Jumat dibatalkan.",true
Vatikan memperluas penggunaan kondom untuk melawan AIDS.,true
“Pria NYC tewas di tengah jalan - diduga virus corona!”,false
Para ahli menyerukan langkah-langkah untuk membendung peningkatan jumlah Legiuner.,true
"Tentu saja, ada penipuan pemilih berskala besar yang terjadi pada dan sebelum hari pemilu.",false
Pemindaian Baru Mungkin Menemukan Alzheimer,false
"""Upaya keamanan perbatasan saya telah menghasilkan penurunan kejahatan perbatasan sebesar 60 persen.""",false
Vaksin yang ditujukan untuk ternak dapat digunakan untuk melawan COVID-19.,false
"""Tammy Baldwin Mengatakan pandangan Scott Walker tentang aborsi lebih ketat""""dibandingkan presiden Partai Republik mana pun belakangan ini.""",true
Latihan mungkin merupakan Rx untuk RSI,true
“Pernyataan bahwa tidak ada bedanya apakah anak-anak dibesarkan oleh orang tua heteroseksual atau homoseksual telah “”dihancurkan oleh ilmu pengetahuan dan penelitian sosial terbaru dan terbaik.”,false
Sebuah postingan di Facebook menunjukkan jumlah pemilih yang sangat besar (setidaknya 650.000 orang) pada demonstrasi March for Life tahun 2019.,false
Buzz kopi melindungi otak dari Alzheimer,false
Asap berbahaya menyelimuti Sydney seiring angin yang mengipasi kebakaran hutan di Australia.,true
Jenis flu yang kurang umum membantu meningkatkan jumlah kasus di Virginia.,true
Ganja merupakan salah satu prioritas utama pemerintahan baru Thailand.,true
"""Guru sekolah California, Gregory Salcido menyebut anggota militer Amerika Serikat sebagai """"yang paling rendah dari yang terendah"""" selama diskusi kelas.""",true
"""Kamar Dagang Florida Mengatakan serikat pekerja""""mengambil"""" uang hasil jerih payah para guru, petugas pemadam kebakaran, dan polisi untuk bermain politik.""",false
Perempuan AS melawan stigma dan biaya menstruasi.,true
Terapi Pijat Dapat Meningkatkan Sistem Kekebalan Tubuh untuk Melawan Pilek dan Flu,false
Mantan kepala EPA Bush dan Reagan memperingatkan kemunduran Trump.,true
Tulang dan tengkorak anak-anak digali di pulau pribadi milik Jeffrey Epstein.,false
Para pejabat mencantumkan merek pot vape yang dilaporkan terkena wabah di AS.,true
FBI telah memperingatkan semua orang Amerika untuk berhati-hati terhadap produk-produk di toko kelontong yang mungkin telah disemprot dengan racun.,false
"""Menulis bahwa para ilmuwan iklim memperkirakan “suhu global akan meningkat lebih dari satu derajat Celcius pada tahun 2020,"""" namun suhu yang diamati hanya “setengah dari suhu tersebut.” """,false
"""Bubble baby"" ""perawatan sel induk tampak seperti obat""",false
Penulis misteri memulihkan kotak suara dengan botox,false
"""Chris Larson Mengatakan Gubernur Scott Walker """"belum mengadakan acara publik sepanjang tahun ini.""",false
"Apoteker Salina, suami divonis pengalihan opioid.",true
"""Blogger Berkata"" ""Pembawa acara CNN Fareed Zakaria menyerukan jihad pemerkosaan terhadap wanita kulit putih.""",false
Kekuatan Penyembuhan: Menggunakan Sel Punca untuk Membangun Tulang yang Lebih Baik,false
"Ketika kebakaran hutan semakin mematikan, para pejabat mencari solusi.",true
The World Integrated Trade Solutions (WITS) website shows that COVID-19 test kits were being sold in 2017 and 2018,false
"""Mark Warner Mengatakan 70.000 anak""""kehilangan slot Head Start"""" karena pengasingan tersebut.""",false
"""Paul Manafort Mengatakan ada """"pangkalan NATO di Turki yang diserang oleh teroris.""",false
Komisi Parkland mendesak peningkatan pendanaan kesehatan mental.,true
"Debbie Reynolds meninggal satu hari setelah putrinya, Carrie Fisher.",true
Seorang dokter di Houston dipenggal karena lift yang tidak berfungsi.,true
Obat yang Disuntikkan Dapat Membantu Melawan Osteoporosis pada Wanita,true
Magnet Mungkin Meningkatkan Terapi Sel Punca,false
Tes Darah untuk Kanker Paru Sedang Berlangsung,true
"""Foto sepatu kets ditampilkan dalam warna merah muda dan putih atau abu-abu dan hijau tergantung pada apakah Anda """"berotak kiri"""" atau """"berotak kanan"".",false
Dokumen: Badan buruh menegur Illinois VA tentang Legiuner.,true
Pengobatan Baru untuk Fibroid Tanpa Operasi,true
Memprediksi kekerasan pada psikopat 'tidak lebih dari sekedar kebetulan'.,true
"Polisi di Portland, Oregon menetapkan bahwa aktivis anti-fasis mencampurkan beton cepat kering dan bahan kimia kaustik ke dalam milkshake yang dibuang dan dikonsumsi.",false
Polisi menyelidiki kematian pria cacat yang terbakar saat mandi.,true
Iklan yang diproduksi oleh Volkswagen menggunakan gambar pelaku bom bunuh diri.,false
Penduduk di Seattle yang basah memberontak melawan sinar matahari.,true
"Dari 25 negara terkaya, hanya kita saja yang tidak menyediakan jaminan kesehatan dasar.",true
A No-Cringe Fix? Filling Cavities Without The Drill,false
Buah Beri Dapat Menangkal Penyakit Parkinson,false
Seberapa baik suntikan flu bekerja? Inilah yang dikatakan ilmu pengetahuan.,true
Sebuah video mendokumentasikan bahwa penembakan di Sekolah Dasar Sandy Hook adalah tipuan yang dibuat-buat.,false
"'Email Podesta' mengungkap keberadaan perkumpulan rahasia pedofil yang beroperasi melalui sebuah kedai pizza yang tidak memiliki hubungan dekat dengan rekan Clinton, David Brock.",false
Bayi Big Island didiagnosis menderita parasit otak.,true
Obat anti-pembekuan darah Merck harus disetujui: tinjauan FDA.,true
Permen Karet Nikotin dan Patch Kulit Menghadapi Keraguan Baru,true
Manusia harus berterima kasih kepada fosil ikan kuno Skotlandia atas kenikmatan seks.,true
"""Margaret Sanger"" ""menginginkan pemimpin Kristen kulit hitam menjadi seperti kambing Yudas dan memimpin orang kulit hitam melakukan genosida. Ingat itu? Dan mereka memilih Martin Luther King sebagai juru bicara mereka.""",false
FDA telah memutuskan bahwa obat-obatan homeopati sekarang ilegal.,false
"""Kucing dan anjing menyebarkan virus corona""",false
Eksperimen membuktikan air yang direbus dalam oven microwave berbahaya bagi tanaman.,false
"""Donald Trump Mengatakan Hillary Clinton """"ingin menghapus Amandemen Kedua.""",false
How the COVID-19 Pandemic Is Contributing to a New Increase in Opioid Deaths,true
"""Katanya mereka mencapai  """"kesepakatan pembagian kekuasaan"""" dengan Letnan Gubernur Partai Republik Casey Cagle""",false
"Kennedy Center, PBS menyumbang ke Demokrat setelah mendapat uang stimulus COVID-19.",false
"""Gubernur California """"mengatakan ya untuk meracuni lebih banyak anak dengan merkuri dan aluminium"""" dalam vaksin.""",false
Perusahaan pertambangan Kanada mengancam akan menghentikan investasi Yunani.,true
"Pada tahun 2018, Uber menerima 235 laporan pemerkosaan, 280 laporan percobaan pemerkosaan, dan 5.981 laporan pelecehan seksual antara tahun 2017 dan 2018.",true
Pemindaian tidak mencegah kematian akibat kanker paru-paru,true
"""QAnon kekerasan! Tidak ada.""",false
"Pemindaian Kalsium Dapat Memprediksi Risiko Kematian Dini, Studi Mengatakan Pemeriksaan arteri non-invasif dapat bermanfaat bagi orang-orang tanpa gejala jantung yang jelas",false
"""Universitas Johns Hopkins menerbitkan """"ringkasan luar biasa"""" tentang menghindari COVID-19 ini.""",false
RUU Georgia akan membatasi akses terhadap jenis ganja medis.,true
Vietnam dan Kamboja membalas dengan membangun bendungan terkenal di Laos.,true
"""Justine Damond menjadi salah satu dari lusinan dokter holistik yang berjuang melawan"" Farmasi Besar ""yang meninggal secara mencurigakan.""",false
Fakta menunjukkan bahwa sekitar 40 orang terpidana mati telah menyelesaikan seluruh proses bandingnya dan tinggal menunggu tanda tangan gubernur pada surat perintah kematian untuk mengakhiri kasusnya.,true
"""Dalam 24 bulan terakhir, 10 rumah sakit pedesaan Texas terpaksa menutup pintunya karena para pemimpin negara bagian"""" memilih untuk tidak memperluas Medicaid.""",false
Bypass Lambung Dapat Membantu Remaja Obesitas,false
"""Kathryn Starkey"" ""bergabung dengan Partai Demokrat liberal dalam kenaikan pajak penjualan yang bersejarah.""",false
Ada hubungan yang bermakna antara serangan teroris dan hari ke-22 setiap bulannya,false
Statin 'bisa menjadi tambahan yang berharga untuk pengobatan kanker payudara',false
Dihidrogen monoksida adalah bahan kimia berbahaya yang harus dilarang.,false
"Jika saya memiliki cakupan yang terjangkau di tempat kerja saya, saya tidak memenuhi syarat untuk terjun ke pasar. ... Itu ilegal.",false
Senator Partai Republik Georgia Isakson akan pensiun karena masalah kesehatan.,true
WHO mendesak peraturan pemasaran makanan yang lebih ketat untuk mengekang obesitas pada anak.,true
Kurang dari 10% orang Amerika Memiliki Antibodi COVID,true
Seorang pria Minnesota dipenjara hanya karena memiliki kincir angin di propertinya.,false
AS merencanakan cara untuk 'melonggarkan' kembali ke keadaan normal jika upaya virus berhasil: Fauci.,true
Jumlah kematian akibat virus di Swiss mencapai 235 ketika pejabat mengatakan skenario terburuk `belum terwujud'.,true
Perawatan kesuburan dapat mengubah keseimbangan gender: belajar.,true
Sebuah video memperlihatkan seorang pengungsi Muslim melakukan kerusuhan dan mengambil alih suatu wilayah di Prancis.,false
"Para pengguna narkoba membuang jarum suntik bekas mereka dengan menaruhnya di tempat pengembalian uang logam di telepon umum, sehingga tanpa disadari korbannya akan tertular penyakit hepatitis dan HIV.",false
“Tidak ada ilmu pengetahuan atau data yang menunjukkan bahwa anak-anak berisiko terkena COVID.”,false
Studi mencari cara untuk mengendalikan debu yang dihirup para penambang batubara.,true
"Pada bulan September 2017, serikat pengemudi truk di Puerto Riko melakukan pemogokan dan menolak mengambil bagian dalam upaya bantuan setelah serangkaian badai.",false
FDA menyetujui tes kanker payudara,false
CDC AS mendorong penggunaan “suntikan flu [COVID-19]” pada anak-anak.,false
Terdapat 5.400 pekerjaan yang hilang dalam 12 bulan pertama penerapan larangan (merokok) di industri perhotelan Ohio saja.,false
"""Donald Trump Berkata setelah Hillary Clinton membantu seorang pria yang dituduh memperkosa anak berusia 12 tahun, """"dia terlihat tertawa pada dua kesempatan terpisah, menertawakan gadis yang diperkosa.""",false
Studi Menimbulkan Pertanyaan Tentang Stent pada Beberapa Pasien Jantung,true
Seorang pendeta pengidap HIV yang memperkosa anak-anak dibebaskan dari tuduhan oleh Gereja Katolik dan kemudian disalib.,false
"""Blogger Mengatakan mantan presiden Jimmy Carter berkata, """" Ganja medis menyembuhkan kanker saya. """,false
Turki kesulitan meningkatkan tes ketika wabah mencapai fase kritis.,true
"Barron Trump Mengidap COVID-19, Kata Melania Trump",true
Sebuah video memperlihatkan wahana menegangkan ekstrem yang ditemukan di sebuah taman hiburan.,false
Fasilitas Arizona ditutup sementara setelah kematian lumba-lumba ke-4.,true
Sebuah foto menunjukkan seorang pelanggan berbelanja di toko kelontong selama pandemi penyakit virus corona COVID-19 mengenakan tudung mirip Ku Klux Klan di kepalanya.,true
Semprotan hidung flu memberikan perlindungan serupa terhadap influenza seperti suntikan flu: Studi,true
Penduduk Illinois ketiga meninggal karena kerusakan paru-paru terkait vaping.,true
Seorang Reporter NBC Menyelidiki Kankernya Sendiri,false
"""Mitt Romney Berkata Hillary Clinton """"menghapus semua emailnya meskipun email tersebut harus ditarik kembali dan ditinjau oleh Kongres.""",false
Situs web kesehatan utama menutup mata konsumen terhadap risiko produk tembakau,false
Hasil studi awal menunjukkan 2 pengobatan Ebola menyelamatkan nyawa.,true
"Oklahoma, Utah menghadapi pengawasan ketat atas pembelian obat malaria.",true
FDA Menyetujui Obat Pertama Untuk Mencegah Kelahiran Prematur,true
Pilihan Terbaru Orang Tua: Shampo Herbal untuk Mengusir Kutu,true
Pecinta coklat cenderung memiliki berat badan lebih ringan: belajar.,true
“Tes PCR COVID19 tidak ada artinya secara ilmiah.”,false
"Siswa Marjory Stoneman Douglas, David Hogg, kedapatan berbohong tentang berada di kampus selama penembakan sekolah pada Februari 2018 ketika dia memberi tahu CBS bahwa dia harus naik sepeda dan berangkat ke sekolah.",false
Anda Bisa Melewatkan Kolonoskopi Jika Anda Ingin Mengumpulkan Kotoran Anda,true
Akan ada 50.000 perawat lagi yang masuk ke NHS.,true
RUU untuk membuat hotline kesehatan mental Michigan disetujui.,true
Margarin omega-3 gagal membantu dalam studi jantung,true
Permintaan transportasi umum mencapai rekor tertinggi di Wisconsin.,false
Akupunktur Mengurangi Efek Samping yang Menyakitkan dari Perawatan Kanker Payudara,false
Fauci mengatakan 'rolling reentry' ekonomi AS mungkin terjadi pada bulan Mei.,true
Bantuan Baru untuk Membebaskan Kaki dari Web,false
Gubernur Ohio meminta anggota parlemen untuk melarang produk vape beraroma.,true
Pengacara: Penyidik ​​merekomendasikan pelapor untuk dipekerjakan kembali.,true
"Karena tidak ada pilihan lokal yang memperbolehkan masyarakat untuk melarang, membatasi atau membatasi lokasi toko-toko pot, jika Amandemen 2 disahkan, Anda dapat mengharapkan elemen-elemen kumuh dari industri pot untuk pindah ke lingkungan Anda, gereja Anda, bisnis Anda dan bahkan sekolah anak Anda.",false
Pengadilan: Memposting foto pasien di media sosial tidak ilegal.,true
"Barbara Boxer memilih untuk memotong pengeluaran untuk tunjangan Medicare sebesar $500 miliar, pemotongan yang sangat merugikan rumah sakit dan panti jompo sehingga mereka dapat berhenti menggunakan Medicare sama sekali.",false
Pejabat kesehatan: Diagnosis HIV baru menurun di Chicago.,true
Klinik satwa liar Johannesburg menyelamatkan hewan yang terluka di kota.,true
Komunitas Afrika-Amerika kita benar-benar berada dalam kondisi terburuk yang pernah mereka alami sebelumnya. Pernah. Pernah. Pernah.,false
"""Robert Reich Berkata di Texas"" ""adalah sah untuk menembak seseorang yang melakukan 'gangguan publik' di bawah kedok kegelapan.""",false
AS akan menghentikan ekspor masker dan sarung tangan di tengah krisis virus corona.,true
"Gerhana menggetarkan pulau-pulau terpencil di Arktik, awan merusak bagi sebagian orang.",true
"Berdasarkan undang-undang Virginia, jika Anda adalah pedagang (senjata) yang tidak memiliki izin federal, Anda tidak bisa mendapatkan pemeriksaan latar belakang meskipun Anda menginginkannya.",false
Gambaran otak menunjukkan obat Alzheimer bekerja,false
Perkampungan ular di Tiongkok menyusut ketika virus corona mendorong larangan perdagangan satwa liar.,true
"Untuk komplikasi pasca operasi, kembali ke rumah sakit yang sama: belajar",false
"""Vaksin flu dan pneumonia dapat melindungi terhadap COVID-19""",false
Nancy Pelosi Mengatakan Presiden Donald Trump “sangat gemuk.”,false
"Kata ""karantina"" berasal dari kata dalam bahasa Italia yang berarti ""empat puluh"", yang mewakili jumlah hari orang yang berpotensi terkena penyakit menular harus tetap diisolasi.""",true
"Berbagai peringatan telah beredar di Internet bahwa pengganti gula, Splenda, mungkin lebih berbahaya daripada manfaatnya.",false
"Enam jenazah ditemukan dari pulau vulkanik Selandia Baru, dua masih hilang.",true
Bahan kimia plastik umum dikaitkan dengan masalah jantung.,true
"Perubahan otak yang terlihat pada kehamilan, dapat membantu mempersiapkan bayi.",true
Jared Michelle menjual testisnya untuk mengumpulkan uang guna mendukung kampanye kepresidenan Bernie Sanders.,false
Korban tewas akibat badai di Puerto Rico mencapai hampir 3.000 orang.,true
"""COVID-19 sama seperti flu""",false
Sebuah foto menunjukkan Senator Elizabeth Warren (D-Massachusetts) melakukan ritual pagan dengan telanjang.,false
""" Selama dengar pendapat Iran-Contra tahun 1987, Oliver North memperingatkan Kongres bahwa Osama bin Laden adalah """"orang paling jahat yang masih hidup"""" dan bahwa """"sebuah tim pembunuh [harus] dibentuk untuk melenyapkan dia dan anak buahnya dari muka bumi.""",false
Lembaran pengering yang diresapi dengan pelembut kain mengandung setidaknya tujuh bahan kimia beracun yang berbahaya.,false
"""Donald Trump Mengatakan agenda energi Hillary Clinton """"akan merugikan perekonomian AS lebih dari $5 triliun""",false
"""Jika pemilih Austin menolak Proposisi 1, proses ""pemeriksaan latar belakang kriminal"" yang dijalankan oleh Kota baru akan menghabiskan jutaan dolar untuk biaya pemrosesan, staf tambahan, dan birokrasi"""" dengan pembayar pajak mendapatkan """"tagihannya"".",false
“Bill Gates Menjelaskan Bahwa Vaksin COVID Akan Menggunakan Teknologi Eksperimental Dan Mengubah DNA Anda Secara Permanen”,false
Suriah mengonfirmasi kasus virus corona pertama di tengah kekhawatiran bahwa virus itu bisa menyebar.,true
Seorang wanita Alabama mengklaim Washington Post mencoba membayarnya untuk melapor dan melontarkan tuduhan pelecehan seksual terhadap Roy Moore.,false
Jerry Patterson Mengatakan Kantor Pertanahan Umum Texas yang dipimpin oleh George P. Bush hanya memperbaiki dua rumah sejak Badai Harvey.,true
Seorang perwira intelijen Tiongkok mengungkapkan bahwa virus corona baru dikembangkan di laboratorium sebagai senjata biologis.,false
Makedonia mengambil tindakan darurat saat kabut asap menyelimuti kota-kota.,true
"""Senator Chuck Schumer pernah mengatakan, """"Kandidat yang menganut kepercayaan Kristen tidak layak dan didiskualifikasi dari jabatan hakim federal.""",false
Pil Beta Karoten Mungkin Tidak Menyelamatkan Penglihatan,true
Pasukan pertahanan Selandia Baru menggunakan ledakan terkendali untuk menjinakkan bahan kimia berbahaya di lokasi bioteknologi.,true
Kota Charlotte mengeluarkan mandat peraturan kamar mandi kepada setiap perusahaan sektor swasta di Charlotte.,false
Kami akan menjadi partai pertama yang memilih pria botak menjadi gubernur.,false
"Cara menyembuhkannya adalah dengan antibiotik, antiradang, dan antikoagulan.",false
Tiga juta orang Eropa tertular infeksi di rumah sakit setiap tahunnya.,true
Jenis “sapi super” yang berotot direkayasa secara genetik untuk menghasilkan daging sebanyak mungkin.,true
"Mia Khalifa didiagnosis mengidap human immunodeficiency virus, atau HIV.",false
"Gambar viral Mengatakan jika Anda mendonor darah, “mereka HARUS menguji Anda” untuk virus corona.",false
Kasus virus corona di Indonesia mencapai angka 2.000 di tengah kekhawatiran terhadap data.,true
"""Freedom Partners Says Bruce Braley mengambil """"puluhan ribu dari teman-temannya di industri asuransi kesehatan"""" dan memberi mereka """"bantuan khusus"""" dengan memilih Obamacare.""",false
Tes massal COVID-19 sedang dilakukan di panti jompo di Belgia.,true
"Pada bulan Desember 2016, Presiden Obama menandatangani undang-undang yang mengkriminalisasi media alternatif.",false
Pasien Ebola pertama di kota utama Kongo timur meninggal.,true
Dr Yehezkiel Emanuel Berbicara kepada Healthline Tentang Satgas COVID-19 Biden,true
Studi mengatakan angioplasti yang terlambat sia-sia,true
"""Aktivis politik """"dibayar"""" untuk memprotes anggota Kongres.""",false
Adam Sandler ditemukan tewas karena bunuh diri pada Januari 2017.,false
Hidrogel adalah bagian dari sistem pengiriman vaksin mRNA COVID-19 yang memodifikasi genom dan akan menghubungkan Anda ke internet,false
"""Planned Parenthood adalah """"satu-satunya layanan kesehatan yang didapatkan oleh sejumlah besar perempuan. Sekitar 30 persen perempuan, itulah layanan kesehatan mereka.""",false
Murphy: Sebutkan penggandaan 'pelacak kontak' virus corona.,true
Obat kanker payudara dapat memperlambat perkembangan kanker paru-paru,false
"Tes HPV yang dikirimkan melalui pos dapat membantu menemukan wanita yang berisiko terkena kanker serviks, demikian temuan penelitian",true
"""Dr. Anthony Fauci """"telah mengetahui selama 15 tahun bahwa klorokuin dan … hidroksiklorokuin tidak hanya akan mengobati kasus virus corona saat ini namun juga mencegah kasus di masa depan.”""",false
"""Katanya peraturan era Obama menolak hak kepemilikan senjata bagi orang lanjut usia yang """"mencari bantuan untuk membayar pajak mereka.""",false
"“Selama pandemi flu tahun 1918, beberapa kota mencabut kebijakan pembatasan sosial terlalu cepat, terlalu cepat, dan menciptakan gelombang pandemi kedua.”",true
Foto Presiden AS Donald Trump di kantor Trump Tower pada tahun 2016 dengan beberapa kotak Sudafed di latar belakang memberikan bukti yang dapat dipercaya mengenai penyalahgunaan stimulan.,false
Penelitian kecil menunjukkan stimulasi listrik pada otak dapat meredakan nyeri migrain,false
Carol Alvarado mengatakan wanita yang membutuhkan sonogram pada minggu kedelapan hingga 10 kehamilan harus mendapatkan sonogram transvaginal.,true
Swaziland memiliki tingkat infeksi HIV tertinggi di dunia.,true
"Anda hampir dapat menentukan setengah dari kematian akibat kekerasan senjata terjadi di dua atau tiga bagian tertentu di kota. Itu hanyalah wilayah yang mengalami kehancuran, baik secara ekonomi maupun lainnya.",true
Orang Tua Pemarah: Mungkin Ini Masalah Testosteron,false
Menu teratas: spageti ganja disajikan di foodfest Italia.,true
Space shuttle Endeavour rolls into new L.A. home at museum.,true
Penelitian sel induk bertujuan untuk mengakhiri saluran akar,false
Kecanduan putrinya mengubah sudut pandang mantan perwira.,true
"""Saat fasilitas kesehatan mental di Milwaukee County penuh, """"polisi duduk di dalam mobil patroli mereka bersama pasien yang sakit jiwa""""  dan terkadang """"menghabiskan seluruh shift di luar sana untuk melakukan hal itu.""",false
Perawat sama baiknya dengan dokter dalam pemantauan perawatan AIDS.,true
41 anak yang akan dites setelah bekerja dinyatakan positif TBC.,true
"Tiongkok melaporkan 27 kasus virus corona baru, jumlah kematian mencapai 4.632 setelah revisi data.",true
"""Lagu """"Over the Rainbow"""" ditulis tentang pengalaman Yahudi selama Holocaust.""",false
Gambar viral Mengatakan “Tidak apa-apa membunuh bayi setelah lahir” di Virginia.,false
Viagra membantu wanita depresi mendapatkan kepuasan juga.,true
"Merkuri digunakan dalam vaksin, dan tidak ada tingkat merkuri yang aman.",false
"Wisconsin tidak mengalami obesitas seperti rata-rata nasional. Rata-rata nasional, 35,7 persen penduduknya mengalami obesitas. Di Wisconsin, angkanya mendekati 26 persen.",false
Pegolf PGA Bubba Wallace menulis postingan Facebook yang mengkritik tindakan yang diambil untuk mengurangi penyebaran COVID-19.,false
Gadis 11 tahun mendapat transplantasi jantung setelah dikunjungi Drake.,true
Terapi hormon menopause tidak terkait dengan kematian dini,true
Hakim AS membatasi bukti dalam persidangan atas klaim kanker Roundup.,true
"""Aksi Warga Wisconsin Mengatakan"" ""orang-orang yang datang ke"""" tindakan perbedaan pendapat mereka """"mendapatkan surat 'penghentian dan penghentian'"""" dari kantor Ron Johnson.""",false
Pejabat kesehatan: Kelelawar rabies ditemukan di luar rumah di Illinois.,true
Pengasuh gadis India yang ditemukan tewas di Texas menginginkan jawaban.,true
Anda sebaiknya menghindari makan kentang hijau karena beracun.,false
Penata gaya mantan Presiden Barack Obama mengungkapkan kepada situs web konservatif bahwa dia memergoki Obama sedang berkencan dengan sesama jenis.,false
"Sebuah foto menunjukkan Bernie Sanders pada pawai hak-hak sipil tahun 1965 bersama Martin Luther King, Jr.",false
Tingginya angka diabetes di kalangan warga Afrika-Amerika disebabkan oleh rencana genosida pemerintah yang mengirimkan susu radioaktif yang dijadikan senjata kepada komunitas kulit hitam.,false
Fenofibrate dapat mengurangi risiko penyakit jantung pada beberapa pasien diabetes tipe 2,false
"Dari menari hingga treadmill, olahraga dapat membantu Penyakit Parkinson",false
Para ilmuwan mengklaim krim anti impotensi lebih ampuh dibandingkan viagra,false
“Data yang ditampilkan di situs web World Integrated Trade Solution (WITS) Bank Dunia pada bulan September 2020 membuktikan bahwa puluhan negara mengimpor atau mengekspor barang berlabel “COVID-19 Test Kits” pada tahun 2018 – lebih dari setahun sebelum pandemi terjadi dan bahkan sebelum COVID-19 memiliki nama.”,false
“Saat ini semua orang sedang sekarat karena virus corona.”,false
"Pada bulan Mei 2018, Presiden Donald Trump mendirikan ""kantor keagamaan"" untuk memberikan """"suara kepada kelompok agama dalam pemerintahan.""",true
Proposal akan mengizinkan anjing masuk ke teras dan dek restoran.,true
Dokter wanita cacat yang melahirkan menyerahkan izin.,true
Semakin banyak negara bagian yang menuntut pembuat opioid dengan tuduhan pemasaran yang menipu.,true
"Ruth Bader Ginsburg (RBG) muda berjuang untuk seorang wanita bernama Susan Struck, yang berusaha menghindari paksaan untuk mengakhiri kehamilan.",true
“Tidak ada gas air mata yang digunakan dan tidak ada peluru karet yang digunakan.”,false
"Sebagai jaksa, Hakim Mahkamah Agung Wisconsin David Prosser tidak menyelidiki atau mengajukan tuntutan dalam kasus yang melibatkan pendeta pedofil selama 30 tahun, kemudian ikut menutup-nutupi.",false
'Cawan suci' pencegahan kanker payudara pada wanita berisiko tinggi mungkin sudah di depan mata,false
GOOGLE RETINAL SCAN DAPAT MEMPREDIKSI JIKA ANDA AKAN MENGALAMI SERANGAN JANTUNG,false
"""Menteri Pendidikan Betsy DeVos mengatakan"" ""hanya 0,02 persen"""" anak-anak sekolah akan meninggal jika sekolah dibuka untuk tahun ajaran 2020-2021, suatu angka yang setara dengan hampir 15.000 anak-anak Amerika.""",false
Para arkeolog menemukan contoh paling awal manusia yang mengidap kanker.,true
"Dokter, Pengurus mendanai gugus tugas perawatan kesehatan universal.",true
Kabut asap kembali menyelimuti ibu kota India seiring menurunnya kualitas udara.,true
"""Lagu Boomtown Rats tahun 1979""""I Don't Like Mondays"""" terinspirasi oleh penembakan mematikan di sebuah sekolah.""",true
Aktor “7th Heaven” yang diperangi Stephen Collins telah melakukan bunuh diri.,false
Para penasihat presiden sendiri mengatakan sedang terjadi perang terhadap batu bara.,false
"Selama Perang Dunia II, George Soros adalah anggota SS (organisasi paramiliter Nazi) atau kolaborator Nazi yang membantu menyita properti orang Yahudi.",false
`Kami putus asa': Staf rumah sakit Prancis menghadapi Macron.,true
Email yang diteruskan mendorong pembaca untuk “berpikir sebelum menyumbang” ke kelompok nirlaba. Mereka membuat sejumlah klaim mengenai gaji CEO dan penggunaan dana donor.,false
"""Baru-baru ini Rick Scott """"menutup 30 pusat layanan kesehatan wanita di seluruh negara bagian.""",false
"Jumlah kematian akibat virus corona di Italia melonjak, menghilangkan harapan bahwa kondisi terburuk telah berakhir.",true
"""Kerusuhan terjadi setelah seorang wanita secara tidak sengaja buang air besar saat memberikan """"suntikan pantat vodka"""" pada Malam Tahun Baru.""",false
Saksi Federal Karena Bersaksi Melawan Hillary Clinton Atas Kejahatan Narkoba yang Tewas dalam Ledakan Besar,false
Penemuan vaksin untuk penyakit autoimun diabetes telah diumumkan.,false
"Kasus positif Covid-19 pertama di Kabupaten Tulsa telah pulih. Orang ini telah menjalani dua tes negatif, yang merupakan indikator kesembuhan.",true
Monyet baru ditemukan di Myanmar dekat proyek bendungan Tiongkok.,true
“Rumah Sakit Shands di Gainesville Florida telah mengonfirmasi kasus pertama virus corona.”,false
"Tom DeLay Mengatakan Travis County, tempat Austin berada, adalah daerah paling liberal di Amerika Serikat.",false
"“Jika Anda mendapat vaksinasi flu dalam 3-5 tahun terakhir, kemungkinan besar Anda akan dinyatakan positif” COVID-19.",false
Penggabungan rumah sakit yang diusulkan mendapat persetujuan utama negara.,true
Para pejabat memperingatkan adanya paparan kelelawar gila di sekolah Omaha.,true
Tokyo mencatat jumlah kasus virus corona baru terbanyak dalam sehari ketika tekanan untuk melakukan lockdown semakin meningkat.,true
Gambar viral Mengatakan Anda dapat memantau diri Anda terhadap COVID-19 dengan tes napas.,false
PCSK9-Kelas Obat Inhibitor yang Dihasilkan dari Penelitian UT Southwestern Menjadi Pengubah Permainan bagi Pasien dengan Kolesterol Sangat Tinggi,false
Keturunan klon mungkin ada dalam persediaan makanan: FDA.,true
Produsen obat mengembangkan pil untuk meningkatkan hasrat seksual wanita,false
Perancis: Kelompok ingin Notre Dame dikurung selama pembersihan timah.,true
Obat Baru Membantu Artritis yang Tahan Pengobatan,false
Bukti genetik dalam gen Spike pada genom SARS-CoV-2 menunjukkan bahwa virus tersebut adalah produk manipulasi genetik,false
"Albert Einstein bertukar tempat dengan sopirnya untuk menjadi pembicara, lalu mengajukan pertanyaan yang ditujukan kepada pria yang menurut penonton adalah dia.",false
Presiden AS Donald Trump mengeluarkan pengampunan bagi pemimpin kelompok bersenjata yang menahan migran di bawah todongan senjata di New Mexico.,false
Pilek biasa dapat menyebabkan tes COVID-19 positif.,false
Data resmi mengenai kematian akibat virus corona di Italia bisa diremehkan.,true
Mark Sickles Mengatakan 70 persen biaya Medicaid di Virginia adalah untuk manula di panti jompo.,false
Belum Ada Obat Untuk Morning Sickness,true
"Penduduk Florida yang terkena dampak Badai Irma dapat menerima bantuan kupon makanan sebesar $197, tetapi hanya jika mereka dapat menunjukkan bahwa rumah mereka kehilangan aliran listrik selama lebih dari dua jam.",false
"Sejak sequester dimulai, lapangan kerja federal telah mengurangi 6.000-7.000 pekerjaan per bulan",false
"“Slime”, sebuah proyek kerajinan lengket buatan sendiri yang mengandung boraks, lem putih, dan krim cukur, memiliki risiko kesehatan yang serius.",false
Seorang anak laki-laki dipukuli sampai mati oleh ibunya karena menolak memakai pakaian anak perempuan.,false
Tiongkok menyiapkan langkah-langkah stimulus ketika kasus virus lokal berkurang.,true
"""Sebuah perusahaan yang disewa untuk melakukan pengujian Common Core di Florida akan """"menarik setiap anak Anda untuk menjadi homoseksual sebisa mungkin.""",false
Fakta bahwa Rick Scott mencalonkan diri sebagai gubernur sebagai 'reformis' akan menjadi lucu jika tidak keterlaluan. Ini adalah pria yang nyaris lolos dari penjara.,false
Gegar otak kini dapat didiagnosis dengan spesifisitas 95 persen,false
"""DeAnna Lorraine Mengatakan tentang COVID-19 bahwa Dr. Anthony Fauci """"memberi tahu orang-orang pada tanggal 29 Februari bahwa tidak ada yang perlu dikhawatirkan dan hal itu tidak menimbulkan ancaman bagi masyarakat AS secara luas.""",false
Studi Melihat Stimulasi Otak Dalam pada Pasien Bipolar,true
Tidak ada gelombang kedua COVID-19; Gelombang kedua ini sebenarnya hanyalah musim flu/pilek biasa yang terjadi setiap tahun,false
"Ketika virus membuat perpisahan menjadi sulit, ketakutan akan lebih banyak lagi virus meningkat di AS.",true
Para peraih Nobel AS mengkhawatirkan masa depan ilmu pengetahuan dasar.,true
Beberapa kota di Tiongkok menutup pasar unggas di tengah kekhawatiran akan flu burung.,true
Wyoming mencatat peningkatan kasus sifilis.,true
Polisi di New Mexico menangkap seorang pengungsi Islam tidak berdokumen yang mempunyai rencana membangun pipa gas di daerah tersebut.,false
EPA mengusulkan penulisan ulang peraturan tentang kontaminasi timbal dalam air.,true
Cathay mengizinkan kru memakai masker di semua penerbangan karena virus corona baru.,true
"""Bawang putih melindungi dari virus corona""",false
Taiwan membantah tuduhan bahwa pihaknya menyerang pimpinan WHO secara rasis.,true
"Amunisi yang digunakan dalam penembakan di Orlando dilarang oleh Konvensi Jenewa. Amunisi tersebut masuk ke dalam tubuh, berputar dan meledak.",false
Hydroxychloroquine tidak lagi disukai karena harga Remdesivir lebih mahal.,false
"Sementara Perwakilan Matt Gaetz dari Florida diizinkan mengenakan masker gas pada pemungutan suara di DPR, Bobby L. Rush dari Partai Demokrat dikeluarkan dari alasan yang sama karena mengenakan hoodie.",true
"Kandidat presiden dari Partai Demokrat Michael Bloomberg mengatakan bahwa ""95 persen pembunuhan Anda"" dilakukan oleh ""kaum minoritas laki-laki berusia 15 hingga 25 tahun.""",true
Sebuah pesan audio mencantumkan lima cara orang dapat mencegah virus corona baru.,false
EEE terdeteksi di Massachusetts untuk pertama kalinya tahun ini.,true
Studi: Operasi kanker prostat membantu pria yang lebih muda,true
Manfaat Mammogram Baru untuk Wanita Usia 40-an,false
Skor AS kembali menjadi yang terakhir dalam studi kesehatan.,true
Selebriti meluncurkan merek ganja saat California melegalkan narkoba.,true
"Masalah kesehatan mental di Hong Kong melonjak di tengah gejolak protes, kata para ahli.",true
FDA mengklasifikasikan kenari sebagai obat.,false
Departemen Kehakiman AS mengeluarkan kartu yang mengecualikan pemegangnya dari penggunaan masker dengan alasan bahwa hal tersebut menimbulkan risiko kesehatan bagi mereka karena kondisi medis yang tidak wajib mereka ungkapkan berdasarkan otoritas Undang-Undang Penyandang Disabilitas Amerika (ADA).,false
Laporan menemukan kasus PMS mencapai angka tertinggi dalam 30 tahun terakhir di California.,true
"""Dengan berpartisipasi dalam pertukaran hadiah """"saudara perempuan rahasia"""" di Facebook, Anda akan menerima 36 hadiah, buku, atau botol anggur sebagai imbalan atas satu kontribusi $10-15.""",false
"Harris, Gillibrand menawarkan rencana untuk meningkatkan perawatan ibu.",true
Nucleix Mengumumkan Hasil Klinis Positif EpiCheck Paru dalam Deteksi Dini Kanker Paru,false
"Para peneliti telah menemukan obat sederhana untuk kanker, namun perusahaan farmasi besar tidak tertarik karena obat tersebut tidak dapat dipatenkan.",false
"""Dua ""alien ilegal"" bersenjata yang melakukan invasi rumah dibunuh oleh seorang gadis berusia 11 tahun dengan senapan.""",false
"""Di Virginia, """"orang-orang yang pergi dan mendapatkan surat nikah berusia 12 dan 13 tahun, serta 14 dan 15 tahun.""",true
Seorang pekerja di pabrik Pepsi atau Frooti telah mengkontaminasi produk minuman tersebut dengan menyuntikkan darah yang terinfeksi HIV ke dalamnya.,false
Purdue Fort Wayne untuk memimpin upaya pencegahan bunuh diri baru.,true
Mengingat Pencitraan mendapat izin FDA untuk pil kamera usus besar.,true
Bayi menerima topi dengan hati melalui program.,true
"""CDC """"diam-diam memperbarui"""" statistik kematian akibat COVID-19 pada musim panas 2020 untuk menunjukkan hanya 6% dari kematian yang dilaporkan sebelumnya sebenarnya disebabkan oleh virus corona, sedangkan 94% sisanya meninggal karena kondisi kesehatan yang sudah ada sebelumnya. """,false
212 orang di pabrik daging Nebraska dinyatakan positif COVID-19.,true
Pengadilan New York memblokir larangan negara bagian terhadap rokok elektrik beraroma.,true
'Rawa' Washington yang metaforis dibanjiri oleh hama yang sebenarnya.,true
Hong Kong meningkatkan respons terhadap penyakit misterius yang berasal dari Tiongkok.,true
Pilot Malaysia Airlines Penerbangan 370 yang hilang muncul kembali di Taiwan dua tahun setelah pesawat tersebut menghilang.,false
"""Siswa masa kini memerlukan waktu bertahun-tahun untuk menyelesaikan kuliahnya.""",false
"""Kampanye presiden Senator Bernie Sanders (I-Vermont) mengadakan acara""""Bern the Witch"""" pada tahun 2016, lengkap dengan ilustrasi Hillary Clinton dibakar di tiang pancang..""",false
Kasus flu burung menghidupkan kembali ketakutan akan terulangnya wabah besar pada tahun 2015.,true
Inggris memberi sinyal adanya perubahan dalam penggunaan ganja sebagai obat setelah kasus anak penderita epilepsi.,true
Ernest Hemingway pernah memenangkan taruhan dengan menyusun cerita pendek enam kata.,false
"Mulai bulan Maret, jika Anda bepergian ke luar Amerika Serikat, Anda tidak akan diizinkan kembali ke negara tersebut “karena risiko tinggi tertular virus corona.”",false
Walikota White memiliki saham besar di perusahaan produksi Barnett Shale.,false
"Sebagai Menteri Luar Negeri, Hillary Clinton mencuci uang kepada Bill Clinton melalui Laureate Education, sementara Bill Clinton adalah ketua kehormatan kelompok tersebut.",false
Lamont tetap melanjutkan pembukaan kembali pada 20 Mei meskipun ada kekhawatiran.,true
Kereta yang membawa anggota Kongres dari Partai Republik ke tempat peristirahatan di West Virginia jatuh karena plot Deep State.,false
Siswa Illinois membuat video game untuk kebaikan sosial.,true
"""Amandemen Manchin-Toomey """"akan mengkriminalisasi transfer senjata api pribadi tertentu antara warga negara yang jujur, sehingga mengharuskan teman seumur hidup, tetangga, dan beberapa anggota keluarga"""" untuk mendapatkan persetujuan pemerintah.""",false
"Sebuah postingan di Facebook yang diberi judul “Pengingat Lembut dari Paus Fransiskus” berbicara tentang bagaimana kehidupan berjalan dengan cepat, dan perlunya fokus pada hal-hal yang benar-benar penting.",false
Mahkamah Agung tetap memberlakukan undang-undang USG Kentucky.,true
Penyakit Legionnaires ditemukan pada orang yang tidak menghadiri pameran.,true
Ribuan penderita skizofrenia mungkin masih hidup jika mereka menggunakan clozapine,false
Penelitian besar menimbulkan keraguan akan perlunya banyak prosedur jantung.,true
Kabut asap meredupkan kilauan festival lampu India.,true
Abbvie akan menyumbangkan $100 juta untuk kesehatan dan perumahan di Puerto Rico.,true
Seorang terpidana pemerkosa pedofil tertangkap menggunakan kostum badut untuk bersembunyi di kamar anak-anak.,false
Kelompok anti-vaksin Kansas mengatakan jumlah anggotanya melonjak.,true
Helikopter PBB menerbangkan bayi gorila Kongo ke tempat yang aman.,true
Data Baru Dari Kelompok Riset Paru-Paru Elekta Mendukung Penggunaan Terapi Radiasi Tubuh Stereotactic pada Pasien Lansia Penderita Kanker Paru Stadium Awal,false
"""Anda dapat tertular virus corona dari makan makanan Tiongkok di AS""",false
Tinjauan sederhana terhadap catatan kode kesehatan Backroom akan mengungkapkan bahwa restoran tersebut sudah lama memiliki masalah serangan hewan pengerat.,false
Perawatan Agresif Mungkin Bermanfaat untuk Kanker Prostat Dini,true
"""Ekspansi Medicaid """"dapat merugikan Persemakmuran Virginia lebih dari $1 miliar per tahun...""",false
Seorang pria di Rhode Island dinyatakan positif mengidap virus kuda langka.,true
NYC Akan Melarang Hot Dog dan Daging Olahan Untuk Memperbaiki Iklim,false
FDA baru-baru ini menemukan bahwa Arizona Beverage Company menggunakan urin manusia di banyak produk mereka.,false
Peneliti MD Anderson menemukan cara potensial untuk mendeteksi kanker pankreas sejak dini,false
Studi menunjukkan tanda-tanda pertama bahwa obat ADHD dapat memperbaiki kesulitan kognitif pada wanita menopause,false
"""Polisi dan petugas pemadam kebakaran Milwaukee """"secara rutin mendapat kenaikan gaji sebesar 4 persen setiap tahunnya sementara semua orang lainnya mendapat kenaikan gaji sebesar nol atau satu persen.""",false
"""Sebagai akibat dari Obamacare, """"Para warga lanjut usia di California menghadapi pemotongan tunjangan lebih dari $1.700.""",false
"""46 persen wanita berusia antara 16 hingga 24 tahun membenci kontak seksual"""" di Jepang.""",true
Laporan Khusus: Hidup dan mati di zaman jantung bionik,false
"""Russ Feingold Berkata Ron Johnson""""pada dasarnya tidak melakukan apa pun"""" untuk melawan kecanduan heroin dan penyalahgunaan opioid.""",false
Kekerasan massal seperti ini tidak terjadi di negara-negara maju lainnya. Hal ini tidak terjadi di tempat lain dengan frekuensi seperti ini.,false
Manajer Yellowstone menolak memvaksinasi bison dengan biobullet.,true
Sebuah foto menunjukkan “Pusat Pengurangan Populasi Global” di kantor pusat Bill & Melinda Gates Foundation.,false
Postingan Facebook Mengatakan perintah Michigan COVID-19 melarang berkebun dan penjualan benih sayur-sayuran dan buah-buahan.,false
Dana yang dipimpin Cargill untuk membayar petani AS atas penangkapan karbon dan pertukaran kredit.,true
Air kelapa dapat digunakan sebagai pengganti plasma darah melalui infus.,false
Berbagai Penelitian Menunjukkan Freespira® Menghilangkan Serangan Panik pada 80% Pasien,false
"""RUU yang diajukan ke badan legislatif negara bagian Oregon"" dirancang untuk memungkinkan pasien demensia atau penyakit mental yang kelaparan hingga meninggal dunia.  """,false
Facebook menganggap postingan lambang Korps Marinir AS merupakan pelanggaran terhadap standar komunitas jaringan.,false
Bill menargetkan misinformasi vaksin di tengah wabah campak.,true
Pengobatan osteoporosis baru menggunakan ramuan tradisional Tiongkok untuk mencegah pengeroposan tulang,false
"""Calon Obama Dawn Johnsen""""menyebut peran sebagai ibu sebagai 'pengabdian yang tidak disengaja.'""",false
Keajaiban medis mini : Menghilangkan kerutan,false
"N Carolina akan mendapatkan $56 juta untuk pendidikan anak usia dini, kesehatan.",true
Pergeseran dalam Pengobatan Kanker Payudara Sedang Diperdebatkan,true
"""Pat Toomey Says Merrick Garland """"menulis opini yang mengakibatkan pembebasan 17 tahanan Teluk Guantanamo yang merupakan bagian dari kelompok ekstremis Islam kekerasan yang telah ditetapkan oleh Departemen Luar Negeri sebagai teroris.""",false
Seorang penyelam scuba dirawat di rumah sakit karena reaksi alergi setelah penisnya tersangkut di kerang raksasa.,false
Negara-negara menghadapi 'pertengkaran' terkait masker di Tiongkok: Menteri Kesehatan Jerman.,true
1 dari 3 Lansia AS Meresepkan Obat yang Tidak Pantas,true
Kepala Kesehatan Trump meminta Kongres untuk meloloskan rencana diskon obat.,true
Sanofi menarik Zantac dari AS dan Kanada setelah ditemukan karsinogen.,true
Kota-kota di Brasil terpaksa melakukan lockdown di tengah tanda bahaya krisis virus.,true
"Berkat gubernur dan badan legislatif (Carolina Utara), gaji rata-rata guru hampir tidak mampu menghidupi sebuah keluarga.",false
Seattle mencatat kasus pertama penyakit anak yang terkait dengan virus.,true
"Belum ada tes COVID-19 di rumah, namun pilihan yang lebih cepat akan segera hadir.",true
Webster mensponsori rancangan undang-undang untuk menciptakan bentuk pernikahan yang akan menjebak perempuan dalam hubungan yang penuh kekerasan.,true
"“Bukan virus corona yang membunuh banyak orang, tapi perekonomian.”",false
Pedoman Pusat Pengendalian dan Pencegahan Penyakit (CDC) yang mencantumkan COVID-19 pada sertifikat kematian tanpa adanya tes mengakibatkan jumlah kasus berlebih.,false
Studi: Operasi yang lebih berisiko untuk sakit punggung meningkatkan biaya,true
City meminta hakim untuk membiarkan kasus terhadap pembuat OxyContin dilanjutkan.,true
Karantina di 2 universitas LA di tengah wabah campak di AS.,true
"Seorang pria malang entah bagaimana kepalanya tersangkut di vagina istrinya saat berhubungan seks, mengakibatkan pasangan tersebut dirawat di rumah sakit.",false
"""Sarah Silverman Berkata Senator Rand Paul, R-Ky., telah menyatakan bahwa mendukung """"hak atas layanan kesehatan ... berarti Anda percaya pada perbudakan.""",true
"""Kepala polisi Milwaukee dapat memecat petugas"" ""pada dasarnya tanpa alasan.""",false
Notre Dame: Kekhawatiran pemimpin mendorong peraturan pembersihan dan peralatan baru.,true
Tentang mengizinkan komisi merger sekolah Shelby County untuk menyelesaikan pekerjaan sebelum mengizinkan undang-undang merger baru.,false
"""Angkatan Laut Amerika Serikat mengumumkan bahwa mereka menamakan kapal itu""""USS Tig Ol Bitties"""" setelah pemungutan suara online.""",false
Kampanye kotak surat membantu warga Afghanistan mengatasi perang diam-diam terkait kesehatan mental.,true
"Warrick Dunn memulai program amal untuk menampung keluarga dengan orang tua tunggal untuk menghormati ibunya, seorang petugas polisi yang terbunuh saat dia masih remaja.",true
Studi: Kapsul jahe meredakan mual kemoterapi,true
"""Orang Amerika untuk Kemakmuran: Florida Berkata """"Agenda energi 'Bayar Lebih Banyak' dari Patrick Murphy berarti Anda dapat membayar $500 lagi setahun untuk tagihan listrik Anda!""",false
Salah satu antidepresan terbukti mengendalikan berat badan selama penelitian 2 tahun,true
Sekolah kedokteran Washington menerima $50 juta untuk institut otak.,true
Pengadilan Kolombia menjunjung tinggi persyaratan untuk memulai kembali fumigasi koka udara.,true
"""Antibiotik membunuh virus corona""",false
Kepala WHO ‘sangat terdorong’ oleh penurunan kasus Ebola di Kongo.,true
Tingkat aborsi menurun pada masa kepresidenan Partai Demokrat dan meningkat pada masa pemerintahan Partai Republik.,false
Meryl Streep bertepuk tangan untuk Roman Polanski di Academy Awards pada tahun 2003.,true
Cacing tambang parasit penghisap darah dapat membantu membuat jutaan orang menjadi lebih sehat,false
Mattel merilis “Public Assistance Barbie” untuk liburan.,false
Penduduk Bangsa Navajo masih menjalani lockdown paling ketat.,true
Cangkir mie instan menimbulkan bahaya mematikan bagi konsumen karena lapisan lilin pada cangkirnya.,false
"""Donald Trump Mengatakan platform imigrasi Hillary Clinton akan """"menciptakan perbatasan yang benar-benar terbuka.""",false
Robot baru dapat memudahkan operasi prostat bagi warga Oklahoma,false
Beberapa obat kumur dapat membantu mengekang virus corona,false
Hakim menolak gugatan atas rilis data vaksinasi.,true
Seorang pria didakwa DUI karena minum terlalu banyak kafein.,false
UNH mendapat hibah untuk membantu penyidik ​​pelecehan seksual anak.,true
Lebih dari separuh penerima kupon makanan saat ini adalah anak-anak.,true
Bagaimana Probiotik Dapat Membantu Depresi,true
Pemerintahan Trump berupaya memantau postingan media sosial penerima disabilitas.,true
Penduduk Florida terus berkumpul di pantai setempat meskipun ada pandemi COVID-19.,true
"'Murder Hornets', dengan sengatan yang dapat membunuh, mendarat di AS.",true
"""Pembunuhan besar-besaran terhadap petani kulit putih sedang terjadi di Afrika Selatan.""",false
"Italia terkena dampak paling parah, kata para ahli, hanya karena mereka memiliki populasi tertua di Eropa.",true
Kasus bunuh diri yang nyata memperbaharui kekhawatiran akan berakhirnya hotline Minnesota.,true
Penjaga Texas Andrew Jones didiagnosis menderita leukemia.,true
Sebuah video menangkap seekor kucing dengan suara mengeong yang sangat dalam.,false
"Di kamp-kamp perbatasan, warga Suriah bergantung pada dokter yang bertugas di truk dan tenda.",true
Pesan tersebut mengklaim bahwa penyanyi Shakira adalah seorang tamu di MTV dan selama segmen panggilan telepon langsung menolak untuk berbicara dengan penelepon Israel.  Dia dikutip mengatakan bahwa dia lebih suka babi mendengarkan musiknya daripada orang Israel.  eRumor mendorong boikot terhadap musik Shakira.,false
Penyakit wasting kronis ditemukan pada kawanan 2 ekor rusa Douglas County.,true
Keluarga di Pennsylvania menuntut penyelidikan terhadap kanker langka.,true
"""Para ilmuwan mengatakan kepada kita bahwa kita bisa mendapatkan obat untuk penyakit Alzheimer dalam 10 tahun"" jika bukan karena """" regulator yang terlalu bersemangat, pajak yang berlebihan, dan litigator yang serakah.""",false
Uji coba terbaru dalam litigasi bedak J&J sedang berlangsung di California.,true
“Ada “banyak” vaksin yang tidak mencegah penyakit mematikan dan melumpuhkan.”,false
Studi menunjukkan pentingnya perawatan kanker yang berkualitas,true
Ganja medis secara signifikan lebih aman untuk lansia dengan nyeri kronis dibandingkan Opioid,false
New Mexico akan meningkatkan pengeluaran Medicaid untuk kesehatan mental.,true
"OBAT EKSPERIMENTAL VISTUSertiB DAPAT MENGECILKAN TUMO PADA 50% PASIEN KANKER OVARIUM, STUDI MENYARANKAN",false
"""Mariyuana """"kurang beracun"""" dibandingkan alkohol.""",true
Rekaman video menunjukkan anak-anak di sebuah sekolah Muslim di Philadlephia menyanyikan sebuah lagu yang liriknya mengandung gambaran kekerasan.,true
Kritikus memprotes usulan pengeboran di kawasan perlindungan Arktik di Alaska.,true
Wasting kronis dikonfirmasi pada rusa penangkaran di Clark County.,true
Obat Psoriasis J&J Menunjukkan Janji dalam Studi,false
Kelompok advokasi anak: Anak-anak di 173 negara kini menjadi lebih baik.,true
Diperkirakan hampir 40 persen dari seluruh senjata yang dijual di Amerika dijual oleh penjual swasta tanpa izin baik secara online atau melalui pameran senjata.,false
Berry 'super' dapat membantu meningkatkan daya ingat dan kesehatan jantung,false
Mantan Presiden Jimmy Carter merayakan ulang tahun ke-95.,true
Toko ganja medis keenam dibuka minggu ini di ND.,true
Brasil beralih ke industri lokal untuk membuat ventilator ketika pesanan dari Tiongkok menurun.,true
Orang Amerika kebal terhadap virus Zika.,false
Berapa Lama Novel Virus Corona Bisa Hidup di Permukaan? Suhu dan Cahaya Membuat Perbedaan Besar,true
Minnesota membatasi pergerakan rusa peternakan untuk mengekang penyakit.,true
"Tidak banyak yang berhasil untuk mengatasi mual di pagi hari, demikian temuan penelitian",false
"""Kaum muda """"memiliki peluang lebih besar untuk terbunuh oleh vaksin HPV dibandingkan COVID-19.”""",false
Gen mutan terkait dengan jenis TBC paling parah.,true
'Viagra Wanita' Dapat Mengobati Hasrat Seksual yang Rendah,true
Saya tidak pernah mendukung pembatasan dan perdagangan.,true
Keluarga Sackler dari Purdue berjuang melawan kasus opioid Massachusetts yang 'menghasut'.,true
Pemenang Nobel perdamaian menuntut tindakan terhadap pelecehan seksual.,true
Delapan puluh tiga petugas penegak hukum telah tewas saat menjalankan tugas tahun ini. Dua puluh empat dari mereka ditembak dan dibunuh dengan darah dingin.,true
"Donald Trump mengatakan di masa lalu, para pengunjuk rasa diperlakukan dengan kasar dan dibawa dengan tandu.",true
Tentang kemungkinan menaikkan usia pensiun Jaminan Sosial.,false
Pemindaian otak akurat dalam mengenali autisme: penelitian di AS,false
Dokter Jerman kembali didenda karena larangan iklan aborsi.,true
“Dr. Fauci: Tidak ada alasan untuk memakai masker.”,false
Momok penyakit di Tonga setelah Topan Ian melanda pulau-pulau.,true
King County mengonfirmasi kasus ketujuh penyakit paru-paru terkait vaping.,true
Tes darah baru mendeteksi kanker pankreas stadium awal,false
"""Sejak 11 September 2001, """"270.000 orang Amerika tewas akibat tembakan di rumah mereka.""",true
"""Ketentuan dalam undang-undang reformasi layanan kesehatan mengenai konseling akhir hidup bagi warga lanjut usia tidak """"sepenuhnya bersifat sukarela.""",false
"Wabah virus corona di London sudah tidak stabil, kata Inggris.",true
Pola makan yang terbukti mengurangi risiko stroke juga dapat menurunkan risiko depresi,false
Malnutrisi dan penyakit meningkat di Korea Utara: organisasi bantuan.,true
Apa arti “terbukti secara klinis” bagi sebuah produk kecantikan,true
“Banyak ungkapan terkini yang tercantum dalam artikel “Kehidupan di tahun 1500-an” muncul dari kondisi kehidupan biasa di era itu.,false
Pejabat kesehatan memperingatkan tentang peningkatan penyakit kutu.,true
Northwestern Medicine menawarkan Pengobatan Terobosan Minimal Invasif baru untuk Pembesaran Prostat,false
Ilmuwan Bingung Tentang Keberhasilan Kecil Vaksin AIDS,true
"""Klaim Joe Biden mengatakan""""batubara lebih berbahaya daripada teroris.""",false
Satuan Tugas Narkoba Facebook yang baru memantau semua postingan dan melaporkan aktivitas narkoba ilegal kepada pihak berwenang.,false
Saran jangka panjang dari dokter: Periksakan diri Anda sebelum maraton.,true
Sabu dan penjara yang penuh sesak: masalah meningkat di kota minyak Irak.,true
"""Kita berada pada angka kematian per kapita terendah... Di sebagian besar negara, angka kematian per kapita adalah 60 per 100.000. Kita berada pada angka 29.""",false
Tes Cairan Tulang Belakang Ditemukan untuk Memprediksi Alzheimer,false
Sebuah foto kecelakaan sepeda motor yang fatal memperlihatkan malaikat atau hantu korban.,false
Terapi gen eksperimental meningkatkan penglihatan pada pasien yang mengalami kebutaan.,true
Ganja Dapat Membantu Penderita HIV Mempertahankan Stamina Mental Lebih Lama,false
"Jika Anda menggunakan pohon Natal asli, Anda berisiko membawa kutu pembawa penyakit Lyme ke rumah Anda.",false
Steve Burns dari acara TV 'Blue's Clues' meninggal karena overdosis heroin.,false
"Berdasarkan perintah eksekutif, “insulin yang mahal berubah dari harga yang sangat mahal menjadi uang yang sangat sedikit… terutama (untuk) para lansia kita.”",false
Seorang sheriff Arizona menepis keluhan para tahanan tentang panasnya cuaca dengan menyatakan bahwa tentara yang bertugas di Irak juga menghadapi kondisi serupa.,true
Kita kehilangan rata-rata 90 orang Amerika setiap hari karena senjata.,true
Bintang sepak bola Utah mengatasi tantangan sebagai atlet yang terang-terangan gay.,true
Klub sepak bola mempertimbangkan opsi bagi pemegang tiket musiman.,true
Video memperlihatkan calon presiden dari Partai Demokrat terdiam selama 20 detik saat mendiskusikan apakah ada di antara mereka yang memulai bisnis.,false
Lebih banyak bayi yang meninggal karena aborsi dalam dua hari dibandingkan jumlah kematian akibat virus corona sejauh ini,false
"Bola emas di atas tiang bendera militer berisi pisau cukur, korek api, dan peluru.",false
Sebagian besar kota di Tiongkok utara gagal memenuhi target kabut asap musim dingin: data.,true
"Tiga pria Florida ditangkap karena memakan daging manusia, sebuah praktik yang mereka klaim dapat menyembuhkan depresi dan diabetes.",false
New Hampshire melaporkan cedera paru-paru pertama yang berhubungan dengan vaping.,true
Netanyahu mengancam perintah lockdown Israel dalam krisis virus corona.,true
"""Benzene"" ""tidak pernah terbukti berbahaya.""",false
Gelombang kolera menghantui masyarakat Yaman yang kelaparan dan kehilangan tempat tinggal.,true
Rumor bahwa raksasa ritel Costco Wholesale telah meminta semua toko untuk menghapus salinan “America: Imagine the World Without Her” oleh Dinesh D’Souza.,true
Kita membanjiri komunitas dengan begitu banyak senjata sehingga lebih mudah bagi remaja untuk membeli Glock daripada mendapatkan komputer atau bahkan buku.,false
E-mail membandingkan peternakan ramah lingkungan George W. Bush dengan rumah mewah Al Gore yang hemat energi.,true
Kerangka aneh yang ditemukan di gurun Atacama telah membingungkan para ilmuwan dan merupakan hibrida manusia-alien.,false
"Ben Shapiro men-tweet bahwa """"parade lelucon yang tak ada habisnya"""" tentang dia dan istrinya tidak mengganggunya, karena mereka berdua tahu ada """"hal yang jauh lebih penting dalam pernikahan daripada kepuasan seksual.""",false
"Olah raga, betapapun sederhananya, terbukti semakin bermanfaat bagi lansia",false
"""Gwen Moore Mengatakan Gubernur Wisconsin Scott Walker menghapuskan """"pemeriksaan kanker untuk wanita yang tidak memiliki asuransi"""" dan menawarkan """"tidak ada alternatif lain.""",false
"Pada bulan Juni 2020, Dewan Perwakilan Michigan mengesahkan undang-undang yang mengizinkan pemberi kerja untuk menggunakan microchip kepada pekerjanya secara sukarela.",false
Seorang wanita menggugat mantan pacarnya karena diam-diam menato setumpuk kotoran di punggungnya.,false
"Kacang tanah, selai kacang mungkin merupakan kunci untuk mencegah obesitas",false
Inhaler Anda mengawasi Anda: produsen obat berlomba untuk mendapatkan perangkat pintar.,true
Lembaga nonprofit menyumbangkan tempat tidur bayi untuk menyelamatkan bayi yang lahir mati.,true
Inspeksi terhadap pusat-pusat aborsi di sekitar Virginia telah menemukan banyak pelanggaran terhadap undang-undang izin orang tua … namun Gubernur Terry McAuliffe dan pemerintahannya tidak melakukan apa pun.,false
Biosimilar Samsung Bioepis dengan Herceptin dari Roche memenangkan persetujuan FDA.,true
"""McCain"" ""menentang penelitian sel induk.""",false
Rumah Sakit Jiwa menambah 56 spot baru.,true
Filipina menentang gereja untuk mendorong keluarga berencana.,true
Dokter Windsor bergabung dengan gerakan perawatan primer langsung.,true
Obat Pilihan Pengobatan Baru untuk Penyakit Mata Diabetik,false
CPR pengamat dapat meningkatkan peluang kelangsungan hidup ketika ambulans tertunda,true
"Penderitaan rumah sakit Philly mendorong janji bantuan, Sanders melakukan demonstrasi.",true
“Tidak ada negara lain” yang mengalami “gelombang kedua” COVID-19 “karena mereka tidak berusaha untuk menggulingkan Presiden pada bulan November.”,false
Ilmuwan Brazil mengidentifikasi nyamuk biasa sebagai sumber Zika.,true
"""Pengering tangan membunuh virus corona""",false
Krim cukur atau busa cukur mentol bermanfaat untuk kulit yang terbakar sinar matahari.,false
Seorang pekerja di perusahaan susu Inggris yang memproduksi Anchor Butter mencemari produk perusahaan tersebut dengan darah yang terinfeksi HIV.,false
VITAMIN D: SUPLEMEN TERKAIT DENGAN PENURUNAN BERAT BADAN PADA ANAK OVERWEIGHT DAN OBESE,false
Seorang gadis Texas berusia 14 tahun hamil karena vaksinasi flu.,false
"""Pembuat iklan televisi untuk sebuah perusahaan mobil begitu """"takut"""" dengan penampakan """"hantu"""" dalam rekaman aslinya sehingga iklan tersebut tidak pernah dirilis.""",false
Pernyataan tersebut mereproduksi tanggapan Presiden Obama mengenai penolakan terhadap rencana asuransi kesehatan para veterannya.,false
Menteri Luar Negeri AS John Kerry menyembunyikan hubungan kekeluargaan yang dekat dengan seorang pejabat Iran yang dengannya dia merundingkan perjanjian nuklir.,false
Telepon rumah yang terlepas dari dudukannya pada akhirnya akan melakukan panggilan sendiri ke 911.,false
Pil usus penginderaan gas mengalahkan diagnosis tes napas,false
"Jika kita melihat secara global, jumlah insiden teroris tidak meningkat secara signifikan.",false
"Seorang nenek Tiongkok berusia 103 tahun telah pulih sepenuhnya dari Covid-19 setelah dirawat selama 6 hari di Wuhan, Tiongkok",true
Trump vs Fauci: Naluri Presiden bertabrakan dengan sains.,true
"""Ron Fournier Berkata Mike Huckabee muncul di infomersial diabetes untuk mendukung""""penyembuhan dan perawatan yang tidak didukung oleh lembaga kesehatan.""",true
Shaheen mengumumkan undang-undang yang luas untuk mengatasi kecanduan.,true
Sebuah penelitian menetapkan bahwa tingkat kejadian tuberkulosis aktif di kalangan pengungsi di San Diego 100 kali lebih tinggi dibandingkan di wilayah lain di Amerika Serikat.,false
"""Ambil produk. Lihat kode batangnya. Jika 3 angka pertama adalah 690 atau 691 atau 692, produk tersebut buatan China.""",false
Gambar menunjukkan rembesan radioaktif menyebar melintasi Samudera Pasifik dari pembangkit listrik tenaga nuklir Fukushima.,false
Perhatian: tengkorak utuh menyoroti dinosaurus besar berleher panjang.,true
Sebuah perusahaan Rusia menawarkan kapal pesiar mewah di sepanjang pantai Somalia yang memberikan kesempatan kepada penumpang untuk menembak bajak laut.,false
Amandemen tersebut mengakhiri kegelisahan gubernur California terhadap rancangan undang-undang vaksin.,true
"""Karakter Sersan Joe Friday dari Dragnet sering kali meminta informan perempuan untuk memberikan"" ""Faktanya saja, Bu.""",false
"""Gedung Putih mengirimkan pesan teks pada pertengahan Maret 2020 yang memberi tahu masyarakat bahwa """"karantina wajib"""" di AS akan dimulai dalam waktu 48 jam.""",false
"""Artikel Associated Press tahun 1989 meramalkan bencana jika"" pemanasan global ""tidak terkendali.""",true
Anthony Fauci ikut menulis penelitian yang diterbitkan pada tahun 2008 yang menunjukkan bahwa kematian akibat flu Spanyol disebabkan oleh bakteri pneumonia akibat penggunaan masker.,false
Bungkus kaki menawarkan alternatif pengobatan untuk pasien dengan sindrom kaki gelisah,false
Petugas toko di Las Vegas dinyatakan positif mengidap hepatitis A.,true
Cuadrilla dari Inggris mulai kehabisan bahan bakar setelah jeda tujuh tahun.,true
Seorang CEO layanan kesehatan California berjanji untuk mengurangi biaya obat resep kita.,false
Obat Kanker Payudara yang Ditargetkan Mengecilkan Tumor,false
Manfaat coklat selama kehamilan,false
Memo pemerintah yang mengatur penjualan kubis berjumlah hampir 27.000 kata.,false
Ular membunuh 137 orang setiap hari,false
"Empat puluh tahun yang lalu, hampir tidak ada orang di negara ini yang mempunyai asuransi kesehatan.",false
Manusia disalahkan atas cairan hijau I-696 yang meninggalkan barel di tanah Jempol.,true
"""Sekantong Cheetos harganya lebih murah daripada membeli sebuah apel,"""" dan di beberapa lingkungan di Milwaukee """"semoga berhasil menemukan apel atau pisang atau sejenis pilihan yang sehat""",true
"Untuk setiap salinan email yang diterima, American Cancer Society akan menyumbangkan tiga sen untuk penelitian kanker.",false
Presiden terpilih Donald Trump mengatakan dia berencana untuk memotong tunjangan Jaminan Sosial.,false
"""Marco Rubio Mengatakan Ted Cruz mendukung""""melegalkan orang-orang yang berada di negara ini secara ilegal.""",false
Vaksin 101: Segala Sesuatu yang Perlu Diketahui Sambil Menunggu Vaksin COVID-19,true
"Setiap tahunnya tembakau membunuh lebih banyak orang Amerika dibandingkan dengan jumlah kematian pada Perang Dunia II – lebih banyak dibandingkan jumlah kematian akibat AIDS, kokain, heroin, alkohol, kecelakaan kendaraan, pembunuhan dan bunuh diri.",true
"""Departemen Urusan Veteran mempunyai """"panduan yang memberitahukan hal-hal seperti kepada para veteran, 'Apakah Anda benar-benar berharga bagi komunitas Anda?' Anda tahu, mendorong mereka untuk bunuh diri.""",false
Saya mendapat tantangan selama pemerintahan ini untuk memberhentikan tidak kurang dari 37 pejabat publik dalam waktu sekitar 36 bulan.,true
Tes virus massal di panti jompo berupaya memerangi kesepian.,true
Cannabidiol Mengurangi Gejala Psikosis,false
Alat untuk detak jantung tidak teratur mungkin lebih hemat biaya dibandingkan obat,false
Penyanyi Toni Braxton meninggal dunia pada usia 50 tahun karena sebab yang tidak diketahui.,false
UE menyetujui obat AstraZeneca untuk penggunaan tambahan pada diabetes Tipe-1.,true
Perangkat implan kecil mengurangi rasa lapar dan membantu penurunan berat badan,false
Sekarang melanggar hukum di California untuk mandi dan mencuci pakaian pada hari yang sama.,false
Dokumen pemulangan pasien membuktikan bahwa “WHO dan CDC TIDAK merekomendasikan orang sehat untuk memakai masker.”,false
Ilmuwan Tiongkok yang mengedit gen bayi dipecat oleh universitas.,true
"""Adaptasi radio Orson Welles pada tanggal 30 Oktober 1938 tentang """"The War of the Worlds"""" menyebabkan histeria massal, meyakinkan ribuan pendengar yang panik di seluruh Amerika Utara bahwa Bumi sedang diserang oleh Mars.""",false
"""Joe Scarborough Mengatakan Keluarga Clinton """"melampaui pedoman yang mereka buat sendiri"""" dengan menerima donasi asing. """"Ada klip Bill Clinton yang mengatakan kami tidak akan menerima donasi asing.""",false
"""Di bawah Obamacare, pembayar pajak di Virginia akan """"dipaksa membayar biaya aborsi"""" jika Majelis Umum tidak melakukan intervensi baru-baru ini.""",false
Why Do Black Men Fare Worse With Prostate Cancer?,true
Terapi Hormon Prostat Dapat Meningkatkan Risiko Jantung,true
Gas tertawa kembali muncul di kalangan wanita yang sedang melahirkan - seperti Kate Middleton,true
"Angka kematian karena kecelakaan yang disebabkan oleh dokter jauh lebih tinggi dibandingkan dengan angka kematian karena kecelakaan pada pemilik senjata, yang berarti bahwa dokter lebih berbahaya daripada senjata.",false
"Mulai Juli 2020, Britney Spears tunduk pada kerasnya konservatori, yang membatasi kebebasannya.",true
Apel yang diberi lilin menyebabkan kanker.,false
Ada lebih banyak kasus Covid di Gedung Putih dibandingkan di seluruh Selandia Baru.,false
Ingin Mengurangi Risiko Kanker? Cobalah Mengunyah Pistachio,false
Tiongkok telah mencapai kemajuan besar dalam bidang hak asasi manusia. Itu adalah fakta yang diakui oleh semua orang di dunia.,false
Monica Cline Mengatakan penelitian menunjukkan bahwa anak-anak merasakan tekanan “untuk aktif secara seksual karena pendidikan seks yang komprehensif.”,false
"Eric Esshaki mengatakan rencana Haley Stevens untuk “pengobatan yang disosialisasikan” akan “menghilangkan 100,000 dokter dan perawat.”",false
Anestesi: Andalan medis diperiksa ulang,true
Cairan Pencegah Gigi Berlubang Memungkinkan Anak-Anak Menghindari Latihan Dokter Gigi,true
"Laporan: Diet DASH Rencana Makan Keseluruhan Terbaik Diet MIND, Mediterania, dan Kesuburan juga mendapat nilai tinggi untuk kesehatan",false
Itu lucu. Ini Penting. Bahkan Mungkin Membantu Anda Menurunkan Berat Badan.,true
"""Pemboman Boston Marathon """"adalah kasus kelima"""" di mana pejabat pemerintah AS memeriksa individu yang berpotensi terlibat dalam terorisme """"dan merasa mereka bukan ancaman dan mereka terus melakukan pembunuhan teroris.""",true
"""Tom Brady menghubungkan kesuksesannya sebagai quarterback NFL dengan"" ""sihir"" istrinya, Gisele Bündchen.""",false
"Fauci memperingatkan: Lebih banyak kematian, kerusakan ekonomi jika AS dibuka kembali terlalu cepat.",true
Kelompok meminta UW-Madison mewajibkan vaksin meningitis B.,true
"""Rencana aksi pangan Kabupaten Multnomah """"jelas berencana untuk mengganggu sistem pasar bebas dalam hal pilihan pangan sehingga membuat lebih sulit dan mahal bagi banyak penduduk untuk mengonsumsi makanan pilihan mereka.""",false
Prancis sengaja menyembunyikan informasi tentang penyiksaan dan mutilasi di Bataclan pada bulan November 2015 untuk menghindari kemarahan umat Islam.,false
"""Tweet Kata Rudy Giuliani """"membeli saham Novartis senilai $2 juta, pemasok utama hydroxychloroquine"""" pada awal Februari.""",false
Penemuan Bersejarah Menjanjikan untuk Mencegah Keguguran dan Cacat Lahir Secara Global,false
COVID-19 “akan tetap ada” dan “kita harus menerimanya dan bersiap menghadapi COVID dalam jangka panjang.”,true
Operasi yang jarang dilakukan menyebabkan lebih banyak penurunan berat badan dan lebih banyak risiko,true
Seorang pria Chicago kehilangan penisnya setelah mengalami radang dingin selama Pusaran Kutub 2019.,false
"Layanan kesehatan, pendidikan untuk memimpin perdebatan legislatif Maine.",true
Makan enam atau tujuh buah pisang sekaligus dapat menyebabkan kematian akibat overdosis potasium yang mematikan.,false
Rhode Island menganggap larangan produk vape rasa permanen.,true
Penggunaan masker wajah terkait COVID-19 dalam jangka waktu lama menyebabkan masalah kesehatan karena menghirup terlalu banyak karbon dioksida yang dihembuskan.,false
"Video ""hot mic"" dari briefing virus corona di Gedung Putih mengungkapkan tingkat kematian kasus ""sebenarnya"" yang jauh lebih rendah, serta adanya vaksin yang diberikan kepada pemerintah dan korps pers (tetapi bukan Anda.)""",false
"""Tentang rumah sakit di perusahaan perawatan kesehatan Columbia/HCA milik Rick Scott, """"Seorang eksekutif puncak mengatakan mereka bahkan menolak orang miskin dan membiarkannya mati di luar pintu rumah mereka.""",false
Gula darah puasa dan insulin puasa diidentifikasi sebagai biomarker baru untuk penurunan berat badan,false
Surat perintah penggeledahan menargetkan tanaman pot ilegal di California Selatan.,true
"'Orang asing yang ramah' di Apollo 11 Armstrong, Aldrin, Collins.",true
Presiden Indonesia menjadikan moratorium penebangan hutan menjadi permanen.,true
"Sebuah foto yang diambil oleh petugas polisi menunjukkan sepasang suami istri pingsan di dalam kendaraan mereka karena dugaan overdosis heroin, dengan anak mereka di kursi belakang.",true
Staf DNC Seth Rich mengirimkan 'ribuan email yang bocor' ke WikiLeaks sebelum dia dibunuh.,false
Pejabat kesehatan Oakland County mengkonfirmasi adanya rabies pada kucing peliharaan.,true
Tren hadiah kebugaran liburan dari teknologi tinggi hingga dasar.,true
"Bandy Lee, yang telah memperingatkan Amerika Serikat bahwa Donald Trump mengalami gangguan kesehatan yang berbahaya, tidak memiliki izin medis.",false
Tentang menjaga independensi inspektur jenderal dari presiden,false
Gubernur California meragukan peraturan vaksin yang lebih ketat.,true
Pembuat 'oat tarik' asal Finlandia ingin mencoba pasar pengganti daging.,true
Pil Tiga dalam Satu Menunjukkan Janji dalam Mengalahkan Tekanan Darah Tinggi,false
Sebuah penelitian telah menetapkan bahwa olesan merek Nutella mengandung karsinogen yang diketahui di antara bahan-bahannya.,false
Para inisiat geng menyalakan lampu depan mereka agar mobil menepi untuk membunuh penghuninya.,false
FDA telah menyetujui obat penenang untuk anak-anak dengan gangguan pemusatan perhatian dan hiperaktivitas (ADHD).,false
"Foto-foto menunjukkan simpanan senjata yang ditemukan oleh Penjaga Pantai di Yunani, disamarkan sebagai furnitur dan dikirim ke kamp pengungsi Eropa.",false
"""Jaringan komputer federal yang """"besar"""" akan membuat rekam medis Anda tersedia bagi """"jutaan orang"""" dengan """"kurangnya privasi dan kerahasiaan"","" sementara dokter dan rumah sakit yang tidak ambil bagian akan menghadapi """"hukuman yang berat"".",false
Masker kain dengan microwave adalah cara yang baik untuk membersihkannya agar dapat digunakan kembali.,false
Undang-undang ganja medis di New York mengecualikan beberapa orang yang mencari obat tersebut.,true
Perjuangan Montana melawan penyalahgunaan opioid menunjukkan kemajuan.,true
India mempertimbangkan untuk memperketat lockdown pada titik-titik rawan virus corona.,true
Kelompok Dokter Kulit Hitam Membuat Panel untuk Vaksin Dokter Hewan,true
"Pada bulan Juli 2020, pemerintahan Presiden AS Donald Trump menetapkan pedoman baru bagi rumah sakit untuk melaporkan informasi pasien COVID-19 yang menghilangkan Pusat Pengendalian dan Pencegahan Penyakit (CDC) sebagai pemimpin pengumpulan data.",true
"Sebuah studi pada bulan Mei 2018 menemukan bahwa 99,9 persen politisi di seluruh Amerika Serikat adalah """" psikopat sejati "".",false
Alabama menyelidiki 5 kasus penyakit paru-paru yang terkait dengan vaping.,true
"Sejak tragedi Sandy Hook, lebih dari tujuh anak PER HARI meninggal akibat kekerasan senjata.",true
"""Reza Aslan Mengatakan mutilasi alat kelamin perempuan adalah """"masalah Afrika Tengah"","" bukan masalah Islam, seperti yang dikemukakan Bill Maher.""",true
Sekelompok mantan pekerja General Motors diam-diam memproduksi sendiri mobil Chevrolet tahun 1957 selama sepuluh tahun.,false
Malia Obama ditangkap bersama komplotan preman di Chicago.,false
Penganiayaan terhadap hewan sering kali menjadi ciri indikasi tindakan kekerasan terhadap manusia di masa depan.,true
Studi tentang kebahagiaan menuai kecaman dari para kritikus.,true
"""Seorang anak tercekik saat memainkan permainan isian marshmallow """"Kelinci Gemuk"""".",true
Rusa Douglas County yang terinfeksi dilacak hingga ke peternakan Pine County.,true
2 Siswa Rutgers didiagnosis menderita meningitis bakterial.,true
Sebuah laporan bahwa dua pria Muslim menyerang pelayan Denny's karena dia menyajikan daging babi selama Ramadhan telah menjadi viral.,false
Seberapa Baik 'Balon' Penurun Berat Badan yang Baru Disetujui Bekerja? Para ahli mencatat bahwa ini mungkin hanya efektif untuk penurunan berat badan jangka pendek,true
Obat MS dapat bekerja melawan infeksi virus: belajar.,true
Mantan senator Arizona John McCain membesar-besarkan atau berbohong tentang catatan militernya.,false
Laboratorium baru melatih pekerja kesejahteraan yang menyelidiki klaim pelecehan anak.,true
Duta Besar AS mengatakan jangan biarkan 'noda' pertanian menghentikan perjanjian perdagangan pasca-Brexit.,true
Seorang anak berusia 7 tahun bernama Emily Jones dipenggal di Inggris oleh seorang migran Somalia.,false
"""Komite Aksi Iklim Generasi Berikutnya Mengatakan Ken Cuccinelli ingin""""menghilangkan segala bentuk pengendalian kelahiran.""",false
"Ingin kucing peliharaan? Pikirkan lagi, kata para peneliti.",true
"Pangeran Harry, Oprah mengerjakan program kesehatan mental untuk Apple.",true
Diagnosis kanker istri menjadi kenyataan bagi Packers 'Crosby.,true
"""Hillary Clinton dan/atau anggota kampanye kepresidenannya tahun 2008 memulai gerakan""""birther"""" yang mempertanyakan apakah Barack Obama lahir di AS""",false
Ganja medis di Louisiana: Pertanyaan tentang biaya muncul.,true
"Lebih dari sekedar suntikan, ada bantuan baru untuk penderita alergi",true
Vitamin D mungkin menjadi faktor dalam umur yang lebih panjang,true
“Seseorang terlihat melakukan bunuh diri dengan melompat dari jembatan di latar belakang adegan dalam film “”The Basketball Diaries.”,false
Suntikan flu mengandung racun dan bahan yang dapat merusak otak Anda dan menyebabkan penyakit Alzheimer.,false
Uji klinis pertama pada manusia untuk nikotinamida ribosida,false
Siapa yang bisa Anda ucapkan terima kasih atas kenaikan harga di SPBU? O-ba-ma! O-ba-ma!,false
"Polusi udara hilang di Italia utara setelah lockdown akibat virus corona, menurut laporan satelit.",true
Ilmuwan paling cemerlang yang bekerja untuk pemerintah Amerika Serikat menolak memvaksinasi anak-anak mereka.,false
Klinik aborsi meminta perintah pengadilan dan izin baru untuk tetap buka.,true
Inspeksi Colorado di lokasi minyak dan gas menunjukkan hasil.,true
"""Sotomayor"" ""melawan petugas pemadam kebakaran kulit putih - Ricci dan petugas pemadam kebakaran kulit putih lainnya - hanya atas dasar bahwa menurutnya perempuan dan kelompok minoritas harus diutamakan karena warna kulit mereka dan karena sejarah diskriminasi di masa lalu. Hukum sama sekali diabaikan.""",false
"Korban meninggal akibat virus corona di Prancis mencapai 1.000 orang, dan lockdown kemungkinan akan diperpanjang.",true
St Corona adalah santo pelindung wabah penyakit.,false
"Narkoba Menunjukkan Janji dalam Membatasi Perjudian Kompulsif, Kata Studi",false
"Katanya dia mendapat ""52 persen"" dukungan dari perempuan pada pemilu presiden 2016. """,false
Cancer Society menyerukan MRI tahunan bagi wanita yang paling berisiko terkena kanker payudara,false
"""Dr. Fauci duduk di dewan direksi Microsoft.""",false
Polisi menghalangi dokter meninggalkan Zimbabwe untuk berobat.,true
Taktik baru yang digunakan oleh para penculik dan pembajak mobil adalah dengan meninggalkan baju di kaca depan untuk memancing perempuan keluar dari mobil mereka.,false
"Petisi menyarankan mariyuana medis untuk penggemar Browns, Bengals.",true
Studi: Ganja Medis Meredakan Berbagai Gejala Tanpa Efek Samping Yang Serius,false
Serangga berciuman di AS membawa parasit penyebab penyakit.,true
Startup penyunting gen memicu pertarungan 'Frankenfood' berikutnya.,true
"Di Kongo, seorang penyintas Ebola dengan sepeda motor membantu meredakan rasa takut.",true
CBS melaporkan bahwa para elit meminum darah anak-anak kecil untuk mencapai 'awet muda'.,false
"""Sebuah daftar mereproduksi aturan Saul Alinsky untuk""""Cara Menciptakan Negara Sosial.""",false
Undang-undang identitas pemilih Gubernur Texas Rick Perry adalah upaya terang-terangan untuk mengalahkan Wendy Davis dengan mencabut hak pilih puluhan ribu pemilih perempuan.,false
"Mike Pence mengatakan jika aborsi diperbolehkan dalam kasus pemerkosaan, maka perempuan akan mencoba diperkosa untuk melakukan aborsi.",false
"""D.A. King Says Rick Perry """"mengusulkan program asuransi kesehatan binasional dengan Meksiko.""",true
Email yang diteruskan berisi surat terbuka kepada Presiden Barack Obama dari penulis Lou Pritchett.  Di dalamnya Pritchett mencantumkan banyak pertanyaan yang belum terjawab tentang latar belakang Presiden yang menimbulkan kekhawatiran.,true
Postingan Facebook Mengatakan semua hotel di Vegas tetapi hotel Trump telah menyumbangkan makanan dan kamar sebagai respons terhadap COVID.,false
"""Donna Howard Mengatakan kondom""""dulunya bebas pajak di sini, di Texas.""",true
"""Gene Green adalah kandidat Partai Demokrat favorit NRA di Kongres. ... """"Tidak mengherankan jika anggota kongres mendapat peringkat A seumur hidup dari NRA.""",false
"Dalam wabah virus, resah atas nama yang mungkin menjadi viral.",true
"Guru, pasangan Arizona di antara penyelam California yang hilang.",true
Sinterklas di mal dan para elfnya memukuli seorang penganiaya anak setelah seorang gadis kecil menceritakan kepadanya bahwa yang dia inginkan hanyalah ayah tirinya berhenti menyentuhnya di malam hari.,false
Lebah pembunuh mutan raksasa yang diciptakan oleh paparan radiasi dari pembangkit listrik tenaga nuklir Fukushima telah membunuh beberapa orang di Nebraska.,false
Dokter Tidak Ada: Pemeriksaan Melalui Telekonferensi,true
"Setelah mencukur bulu kakinya, seorang wanita mengalami infeksi kulit yang mengancam jiwa sehingga memerlukan pengangkatan sejumlah besar jaringan kulit dan otot.",true
Alexandria Ocasio-Cortez Menuntut Kesejahteraan Bagi 1.000.000 Warga Ilegal Sebagai Tukar Tembok,false
PBB didesak oleh stafnya sendiri untuk melihat jejak iklimnya.,true
Juri Inggris menghukum dokter karena melakukan operasi yang tidak perlu.,true
Dokter Menguji Cara Menumbuhkan Tulang Rawan Lutut,true
"Anggota Parlemen Trey Gowdy memerintahkan penggalian jenazah rekan Clinton, Vince Foster.",false
Beberapa pejabat negara terpilih telah membuka rumah mereka untuk anak-anak yang membutuhkan keluarga yang penuh kasih sayang.,true
Panel WHO menyerukan pendaftaran semua penelitian penyuntingan gen manusia.,true
Penyakit mental saja tidak terkait dengan kekerasan.,true
Hashtag memicu perdebatan mengenai peran sekolah Kristen di AS.,true
Institut Magee-Womens yang berbasis di Pittsburgh menawarkan hadiah $1 juta.,true
Romneycare adalah model Obamacare.,true
Kelompok konservatif Prancis memprotes RUU yang mengizinkan IVF bagi lesbian.,true
"Bagi pelatih 'Pecundang Terbesar', diet mengalahkan olahraga dalam penurunan berat badan.",true
Para donor turun tangan untuk membiayai operasi gadis Texas yang sangat gemuk.,true
"""""The Twilight Zone"""" karya Rod Serling awalnya berusaha untuk menyelundupkan topik politik yang berat melewati sensor jaringan yang memusnahkan komentar sosialnya sebelumnya.""",true
Penyelidikan dilakukan terkait pemecatan ilmuwan di pemerintahan Trump.,true
"Senator McCain sudah mengalihkan perhatiannya ke Irak hanya beberapa hari setelah 9/11, dan dia menjadi pendukung utama invasi dan pendudukan (Irak).",true
Porsi sayuran ekstra gagal mencegah kanker,true
“Gubernur Michigan Gretchen Whitmer melarang pembelian bendera AS selama lockdown.”,false
"Mark Zuckerberg mengakui atau membual bahwa Facebook melarang iklan pro-kehidupan, khususnya, selama kampanye referendum aborsi di Irlandia pada tahun 2018.",false
"Dengan menggunakan kata-kata pasien sendiri, pembelajaran mesin secara otomatis mengidentifikasi perilaku bunuh diri",false
"Analisis baru terhadap residu pada makanan umum Amerika menunjukkan tingginya tingkat herbisida glifosat dan Monsanto, EPA, dan FDA bersekongkol untuk membungkam dampak berbahaya bahan kimia tersebut dan tingginya konsentrasi bahan kimia tersebut dalam makanan.",false
Scientists find gene linked to alcohol consumption.,true
Lagu gadis Liberia tentang COVID-19 diputar di radio.,true
"Pada tahun 1999, Mike Pence menulis sebuah opini yang mengkritik masuknya perempuan ke dalam militer, mengutip film animasi """"Mulan.""",true
Senator Partai Republik yang baru terpilih Menandatangani Janji untuk Menghapus Program Stempel Makanan pada tahun 2015.,false
The U.S. CDC said that the virus which causes COVID-19 was never airborne; masks are therefore worthless,false
Retina buatan membuat penglihatan wanita menjadi terbatas setelah puluhan tahun berada dalam kegelapan,false
Departemen Kesehatan mendesak tes sifilis untuk wanita hamil.,true
"Hampir 50,000 siswa tidak divaksinasi di Wisconsin.",true
Serangan pemberontak di Kongo timur membunuh beberapa pekerja yang menangani Ebola.,true
"""Bovine tuberkulosis"" telah muncul pada kawanan ternak di Michigan.""",true
Mungkin sudah waktunya untuk mengalengkan cola,false
Bola kristal untuk tulang belakang,false
"Postingan Reddit menunjukkan bahwa pelaku penembakan di Jacksonville, Florida, adalah bagian dari ""perlawanan anti-Trump"".",false
"""Undang-undang layanan kesehatan federal mungkin merupakan kenaikan pajak terbesar yang pernah terjadi dalam sejarah negara kita.""",false
Marco Rubio memilih untuk tidak mendanai klinik kesehatan yang menyediakan perawatan kritis selama darurat kesehatan masyarakat (Zika) ini.,false
Bantuan internasional membantu Mozambik memerangi kolera di Beira.,true
Badan Perlindungan Lingkungan AS melarang konversi mobil jalan raya menjadi mobil balap.,false
"Setelah jembatan runtuh, kilas balik, kegelisahan bagi satu orang yang selamat.",true
"""Sebuah CNN chyron mengindikasikan bahwa jumlah kematian global akibat COVID-19 mendekati """"tiga juta"""" orang pada tanggal 26 April 2020, mengubah tingkat kasus yang dilaporkan dengan tingkat kematian di seluruh dunia.""",true
"Memaksa masyarakat Amerika keluar dari jaminan kesehatan mereka saat ini dan mengikuti rencana yang dijalankan pemerintah bukanlah jawabannya, namun itulah yang akan dilakukan oleh rencana Partai Demokrat.",false
Lebih sedikit anak-anak AS yang meninggal dalam kecelakaan mobil: CDC.,true
Memotong lemak – tanpa sayatan: Operasi penurunan berat badan baru,false
Kesenjangan pendanaan kesehatan berarti 1.700 orang di Gaza mungkin harus diamputasi: PBB,true
"""Pelopor pengendalian kelahiran Margaret Sanger"" ""percaya bahwa orang-orang seperti saya harus disingkirkan.""",false
Malawi hanya memiliki 300 dokter untuk 16 juta penduduknya.,true
Pensiunan dokter dan petugas medis di luar negeri menjawab panggilan virus corona.,true
"Georgia diperkirakan mengalami 1.200 kematian akibat kecelakaan lalu lintas tahun ini, sebuah kebalikan dari penurunan selama sembilan tahun.",true
"""Gambar viral Kata Hillary Clinton kepada Des Moines Register pada 8 Agustus 2015: """"Saya akan menutup NRA selamanya jika saya menjadi presiden. Jika kami dapat melarang penggunaan senjata api, kami akan melakukannya.""",false
Manfaat mammogram bahkan lebih besar dari perkiraan,false
2 departemen kesehatan menyelidiki penyakit Legiuner.,true
Alexandria Ocasio-Cortez lulus dengan predikat cum laude dari Fakultas Seni dan Sains Universitas Boston pada tahun 2011.,true
"""Program WIC """"adalah program yang sangat hemat biaya, melayani hampir 10 juta orang Amerika setiap tahun dan menghabiskan biaya kurang dari $100 per orang. Di distrik saya, lebih dari 18 persen penduduk menderita kerawanan pangan dan bergantung pada WIC untuk memenuhi kebutuhan hidup mereka.""",false
"""Di Massachusetts, """"setengah dari dokter layanan primer tidak menerima pasien baru.""",true
"Clinton Foundation adalah badan amal di mana Presiden dan Menteri Clinton dan putri mereka, tidak menerima gaji, tidak mendapat uang, dan tidak mengambil keuntungan pribadi darinya.",true
"""Ilmu pengetahuan """"sangat yakin"""" bahwa vaksin campak tidak menyebabkan autisme.""",true
"""Postingan Facebook Mengatakan Donald Trump memenangkan penghargaan Pulau Ellis untuk """"patriotisme, toleransi, persaudaraan, dan keberagaman"" bersama Muhammad Ali dan Rosa Parks.""",false
Indiana akan mendapatkan lebih banyak kotak bayi untuk bayi baru lahir yang terlantar.,true
Kota New York ingin melarang penjualan rokok kepada orang di bawah 21 tahun.,true
Peneliti Australia memetakan respons imun terhadap virus corona.,true
"""Presiden AS Donald Trump mengatakan """"ratusan"""" gubernur meneleponnya di tengah pandemi virus corona COVID-19.""",false
Studi menemukan polusi udara mencapai plasenta selama kehamilan.,true
Memakai Masker Tidak Menyebabkan Keracunan CO2,true
"Berkat para imigran yang secara ilegal melintasi perbatasan AS-Meksiko, dan Partai Demokrat yang menolak menghentikan mereka, virus Campak telah dinyatakan sebagai darurat kesehatan masyarakat pada tahun 2019.",false
Penyakit ini (Ebola) tidak seburuk SARS pada tahun 2003.,false
"Donald Trump pernah berkata, ""Saya tidak pernah mengerti mengapa orang menyukai anjing. Anjing itu menjijikkan.""",false
Kami menghentikan lalu lintas yang datang -- 78 persen.,false
Serikat pekerja tidak harus mematuhi Obamacare.,false
Jumlah korban tewas meningkat menjadi 58 orang seiring meredupnya harapan setelah runtuhnya bendungan di Brasil.,true
Menyarankan bahwa vaksinasi flu bertanggung jawab atas kematian seorang senator negara bagian New York.,false
Pemerintah Inggris meluncurkan rencana untuk mengekang polusi udara.,true
"Ini adalah COVID-19, bukan COVID-1, kawan. Jadi Anda mungkin mengira orang-orang yang bertanggung jawab atas fakta dan angka Organisasi Kesehatan Dunia (WHO) adalah orang yang lebih bertanggung jawab.",false
Toko Hadiah Gedung Putih menjual koin peringatan virus corona.,false
Tingkat kematian akibat flu “sama dengan” virus corona baru: “Sekitar 2%.”,false
Delapan belas negara bagian AS masih memiliki undang-undang yang melarang seks oral.,false
Jumlah kematian akibat virus corona di Kanada meningkat menjadi 13 seiring dengan meningkatnya upaya repatriasi.,true
Unit ini adalah satu-satunya unit di negara bagian ini yang berupaya menerapkan prinsip-prinsip perawatan Ramah Ibu seperti yang digariskan oleh Koalisi nasional untuk Meningkatkan Layanan Persalinan Inisiatif Persalinan Ramah Ibu.,false
Dokter: Dunia yang lebih hangat adalah tempat yang tidak sehat bagi anak-anak.,true
Saya bukan ahli teori konspirasi dan saya tidak pernah mengizinkan ahli teori konspirasi dalam program saya.,false
“Menyemprotkan klorin atau alkohol pada kulit akan membunuh virus di dalam tubuh”,false
Penelitian mendukung ‘kolonoskopi virtual’,true
Pemimpin serikat pekerja Jeffrey David Cox memainkan peran kunci dalam dugaan konspirasi yang diatur Clinton untuk membunuh Jeffrey Epstein di penjara.,false
"Mengenakan masker untuk virus corona “mengurangi asupan oksigen, meningkatkan inhalasi racun, mematikan sistem kekebalan tubuh, meningkatkan risiko virus, tidak akurat secara ilmiah, dan efektivitasnya belum diteliti.”",false
Masker Scuba Triton memungkinkan orang bernapas di bawah air tanpa menggunakan tangki udara.,false
"Setelah virus corona, Asia Tenggara sangat mendukung tindakan keras terhadap perdagangan satwa liar, kata WWF.",true
"""Pada tahun 2010, Betty Sutton"" ""memilih untuk menghancurkan Medicare.""",false
"Saya telah memotong pajak sebanyak 63 kali, termasuk pengurangan pajak properti pada tahun 2006 yang merupakan pengurangan pajak terbesar dalam sejarah negara bagian.",false
Pasien MS Akan Segera Melewati Suntikan yang Menyakitkan,true
Oatmeal instan untuk sarapan dapat membantu mengekang nafsu makan Anda saat makan siang,false
Badan biaya Inggris akhirnya menyetujui penggunaan terbatas obat lupus GSK.,true
Resveratrol berdampak pada biomarker penyakit Alzheimer,true
"""Robin Wright Mengatakan produk Apple saat ini """"90 persen bebas konflik,"""" dan """"Intel 100 persen bebas konflik.""",false
Seorang insinyur Tiongkok tertular PMS setelah melakukan hubungan seksual dengan prototipe robot seks.,false
Kita mempunyai 5 persen populasi dunia. 80 persen opioid.,false
"Mencukur membuat rambut Anda tumbuh kembali lebih tebal, lebih cepat, dan penuh.",false
"""Lima tahanan Guantanamo yang ditukar dengan Bowe Bergdahl"" ""sekarang kembali ke medan perang.""",false
Manusia membunuh 1.300 sesama manusia setiap hari.,true
Produk susu fermentasi dapat melindungi terhadap serangan jantung,false
"Presiden Trump mengatakan ""pandemi besar"" tahun 1917 """"mengakhiri Perang Dunia II"""" karena semua tentara """"jatuh sakit"".",true
Terobosan Medis: Prosedur Katup Jantung Baru yang Menakjubkan,false
"""Virus corona adalah virus paling mematikan yang diketahui manusia""",false
Remaja yang dituduh meninggalkan bayi baru lahir di tempat sampah dituduh melakukan pelecehan.,true
Tes urin untuk kanker prostat mungkin lebih baik daripada tes darah,false
"Kepala badan kesehatan PBB tidak menyerah di tengah serangan, kritik Trump.",true
"Gadis Kongo, 9, meninggal karena Ebola di Uganda: petugas rumah sakit.",true
"Pegang Jeruk Nipis yang Ada Corona, Bisa Sebabkan Reaksi Kulit.",true
Pencuri yang bekerja di pusat perbelanjaan merampok wanita di kamar mandi dan membiarkan mereka telanjang.,false
Obat kolesterol Amgen memenuhi tujuan uji coba tahap akhir ke-3.,true
"Steven Hildreth Jr. dihentikan oleh petugas polisi karena lampu depan rusak, tetapi dilepaskan dengan peringatan lisan.",true
"""Perdagangan bebas selama lebih dari 10 tahun"" telah menyebabkan defisit perdagangan sebesar $2 miliar per hari.",true
"Partai Demokrat mengusulkan ""rencana layanan kesehatan yang dikendalikan pemerintah yang akan menghilangkan cakupan layanan kesehatan bagi sekitar 120 juta orang Amerika saat ini.""",false
"""Rencana Perwakilan AS John Barrow """"menempatkan IRS bertanggung jawab atas perawatan kesehatan Anda.""",false
Wanita Boise menerima transplantasi alogenik pertama di Idaho.,true
Senyawa dalam kakao dapat membantu menunda timbulnya diabetes tipe 2,false
CDC Mengeluarkan Pedoman yang Diperbarui untuk Keamanan Pemungutan Suara,true
"""Kata Presiden Barack Obama"" ""mengatakan dia akan berhenti (tanda tangan).""",false
Penduduk desa di Indonesia melakukan ritual yang menghidupkan kembali seorang wanita yang sudah meninggal setelah tiga tahun di dalam kubur.,false
Tidak ada penjatahan dalam RUU ini.,false
"Taman, taman bermain menawarkan alternatif udara segar untuk berolahraga di gym.",true
Pengecer T.J. Maxx dan Marshall menjual produk salon palsu.,false
Tingkat kanker paru-paru menurun pada pria dan wanita di AS: studi.,true
Gubernur mempertimbangkan rencana pembukaan kembali karena Iowa melaporkan 18 kematian.,true
Kecintaan pada aktivitas fisik mungkin dimulai sejak dalam kandungan,false
"Meskipun berulang kali mengklaim bahwa kaldera Yellowstone tidak menimbulkan risiko letusan super dalam hidup kita, NASA telah mengakui bahwa ancaman tersebut nyata dan sedang berupaya untuk melakukan geoengineer sebagai solusi untuk meniadakan risiko tersebut.",false
"Wakil presiden Pfizer mengatakan vaksin human papillomavirus Gardasil """"mematikan.""",false
"""Ed Perlmutter memilih"" ""Viagra untuk pemerkosa"" ""dibayar dengan uang pajak.""",false
"""Berdasarkan kebijakan imigrasi AS saat ini, ""secara harfiah satu orang dengan kartu hijau"" dapat, secara ekstrim, membawa lebih dari 270 kerabatnya.""",false
"Kanker disebabkan oleh kekurangan vitamin “B17”, suatu kondisi yang dapat diatasi dengan suplemen nutrisi.",false
"""Postingan Facebook Mengatakan virus corona 2019 """"menyebabkan sindrom kematian mendadak.""",false
"Tanpa sumber daya finansial yang disediakan oleh para pemburu untuk melindungi habitat dan menghentikan pemburuan liar, tidak akan ada infrastruktur untuk pengelolaan satwa liar.",false
Mississippi akan menghapuskan gudang untuk program nutrisi.,true
Obat kanker ginjal mendapat persetujuan FDA,false
Perusahaan harus membayar $245 juta untuk pembersihan PCB Sungai Kalamazoo.,true
Indonesia mengatakan kurangnya kasus virus corona merupakan berkah dari Tuhan.,true
Menggunakan Minyak Nabati untuk Menurunkan Kolesterol Mungkin Tidak Meningkatkan Umur Panjang,true
Aliansi AS-Inggris menargetkan bakteri super paling mematikan di dunia.,true
Keracunan makanan terkait dengan telur rebus di layanan makanan.,true
"Karakter ""Nightmare on Elm Street"" Freddy Krueger didasarkan pada seorang pembunuh berantai di kehidupan nyata.""",false
Perselisihan mengenai pembukaan kembali pabrik Tesla di California mungkin telah berakhir.,true
Dalam klip video terlihat seorang pria disambar petir sebanyak dua kali.,false
Laporan tersebar di internet bahwa dua korban Ebola di Liberia terbangun dari kematian sebagai zombi Ebola pemakan daging dan bahwa FEMA sedang bersiap menghadapi kiamat zombi Ebola. Laporan yang merajalela juga menuduh bahwa FEMA secara diam-diam mendirikan kamp karantina Ebola di seluruh AS.,false
Gambar modern Sinterklas diciptakan oleh Perusahaan Coca-Cola.,false
“Wabah ini bermula karena orang makan sup kelelawar”,false
Obat diet tanpa resep akan baik-baik saja,true
Produsen obat Lilly merencanakan IPO untuk bagian dari bisnis kesehatan hewan.,true
Media “merobohkan seluruh rak barang sehingga mereka dapat menyajikan berita tentang orang-orang yang membeli barang karena histeria terhadap virus corona.,false
Lampu UV Ini Bisa Mencegah Penyebaran Virus Flu di Tempat Umum,false
"""Sandy Pasch Mengatakan Perwakilan AS Paul Ryan berjanji untuk""""mengakhiri perawatan kesehatan bagi warga lanjut usia kita.""",false
"“Di beberapa negara bagian lainnya, sebagian kematian mereka mungkin disebabkan oleh fakta bahwa mereka kesulitan mendapatkan tempat tidur ICU atau ventilator untuk pasien.”",false
'Seperti masa perang' - Dokter Filipina kewalahan menghadapi banjir virus corona.,true
Aborsi mencakup 94 persen layanan yang disediakan bagi wanita hamil oleh Planned Parenthood.,false
"Animasi viral menunjukkan molekul miosin mengangkut endorfin, yang dapat dianggap sebagai representasi visual dari perasaan bahagia.",false
"Flu burung menginfeksi 7 orang di Tiongkok bulan ini, menewaskan 2 orang.",true
MRI payudara yang disingkat mungkin merupakan pilihan skrining tambahan untuk payudara padat,false
“Ini sebenarnya waktu paling aman untuk terbang.”,false
Harry Reid Mengatakan Mitt Romney tidak membayar pajak selama 10 tahun.,false
Dukungan Partai Republik terhadap ganja medis legal semakin meningkat di Wisconsin.,true
"“Segera setelah saya mendukung (Hakim Agung Daniel Kelly), Partai Demokrat Wisconsin berkata, mari kita pindahkan pemilu ke dua bulan kemudian.”",false
"""Senator Bernie Sanders pernah mendukung proposal untuk""""membuang limbah nuklir"""" di """"komunitas Latino yang miskin"""" di Sierra Blanca, Texas.""",true
"Untuk berhenti merokok, yang terbaik adalah berhenti merokok, demikian temuan penelitian",true
Daftar internet secara akurat mengutip fakta dan angka sejarah yang membuktikan bahwa pemusnahan massal penduduk sipil terburuk di abad ke-20 adalah akibat dari undang-undang pengendalian senjata.,false
"Tes virus corona bersifat invasif dan tidak nyaman, dan dapat dilakukan secara akurat dengan cara yang sama seperti tes DNA di rumah.",false
“Dokter sekarang memperingatkan orang tua untuk tidak menggunakan tisu bayi karena mengandung “bahan kimia” yang disebut methylisothiazolinone.”,false
Gambar viral mengatakan Tom Hanks memiliki bola voli untuk menemaninya selama dia dikarantina.,false
"""You can protect yourself by gargling bleach""",false
Ketegangan meningkat ketika gubernur Texas bersiap untuk mencabut lebih banyak peraturan.,true
"Di pulau yang dilanda topan di Mozambik, guncangan dan puing-puing.",true
"""Donald Trump akan menerima $17 juta untuk tiga hotel yang ditutup selama empat hari berdasarkan undang-undang Partai Republik! Bagaimana ini bisa terjadi, kan?!""",false
"""Pemerintah AS"" ""mensubsidi"" obat-obatan untuk disfungsi ereksi.""",true
"""Ketentuan kesehatan mental terkait penembakan massal""""mendapat lebih dari 90 suara di Senat.""",true
"Pankreatitis, Diabetes Mellitus (Tipe 2), anafilaksis, radang sendi, ensefalitis, meningitis aseptik, pneumonia, tuli, retinitis, dan epididimitis juga terdaftar sebagai efek samping.",false
"Jason Isaac Mengatakan bahwa selama 20 tahun terakhir, belanja sekolah negeri di Texas meningkat 142 persen dan belanja per siswa meningkat lebih dari tiga kali lipat bila disesuaikan dengan inflasi.",false
Mengajarkan kebahagiaan kepada laki-laki dengan HIV akan meningkatkan kesehatan mereka,false
Negara bagian akan membayar $10 juta kepada penyedia kesehatan mental setelah tuntutan.,true
Studi sel induk baru menjanjikan penyembuhan jantung,false
DOJ mengubah definisi kekerasan dalam rumah tangga di situsnya tanpa penjelasan.,true
Penggunaan aspirin setiap hari dapat menurunkan risiko prostat,false
"""Tiga belas senator Demokrat """"memilih menentang obat-obatan yang lebih murah"""" dan mengambil jutaan dolar dari """"perusahaan farmasi besar sejak 2011.""",false
Tes HPV mengalahkan Pap untuk skrining kanker serviks,true
"“Virus corona ditemukan dan dipatenkan di AS, lalu ditanam di Tiongkok.”",false
Kota di China menawarkan hadiah $1.400 bagi pasien virus yang melapor ke pihak berwenang.,true
Wortel bayi terbuat dari wortel berukuran penuh yang telah diubah bentuknya dan telah direndam dalam klorin.,false
Pamela Anderson meninggal pada Maret 2018.,false
Sel induk secara signifikan dapat meningkatkan penyembuhan tendon dengan mengatur peradangan,false
Industri berupaya menghentikan flu burung yang mematikan di Carolina Selatan.,true
Pemotongan yang dilakukan gubernur akan membuat lebih dari 8.000 orang terpaksa meninggalkan rumah mereka.,false
Bawang yang ditempatkan dalam mangkuk di sekitar rumah Anda akan melawan virus flu.,false
Dikatakan ada kolera di Puerto Riko setelah Badai Maria.,false
Tidak persis seperti yang diperintahkan dokter: Trasylol mungkin merupakan pembunuh,false
Pengujian genetik membantu menetapkan dosis pengencer darah umum yang aman,true
Pandemi mengubah kehidupan di Kepulauan Galapagos yang terpencil dan indah.,true
Kerumunan (di Las Vegas) melarikan diri karena suara tembakan. Bayangkan kematian jika penembaknya memiliki peredam...,false
"""Postingan Facebook Mengatakan """"Botol Clorox diklaim dapat membunuh (virus corona 2019)... sebelum dikembangkan.""",false
"""Negara bagian Washington telah memperbarui standar kurikulum mereka untuk memasukkan pengajaran """"transgenderisme"""" kepada Taman Kanak-kanak.""",false
"Hillary Clinton bertanggung jawab atas pengepungan kompleks Branch Davidian di Waco, Texas, yang berakhir dengan 76 kematian warga sipil.",false
Sebuah gambar viral menunjukkan empat anggota Kongres wanita Demokrat yang baru terpilih dengan gambar teroris dan poster “Impeach Trump”.,false
Berita yang menggembirakan tentang membalikkan penyakit jantung,false
Keterampilan bermain biliar Duchess of Cambridge dianggap 'mengerikan'.,true
"""Kayla Moore Mengatakan Doug Jones"" ""adalah untuk aborsi jangka penuh.""",false
Sebuah studi dari CDC dan WHO “membuktikan bahwa masker wajah tidak mencegah penyebaran virus.”,false
Hakim AS menunjuk Ken Feinberg sebagai mediator untuk pembicaraan penyelesaian Bayer Roundup.,true
Rumah sakit mengatakan akan mengalihkan pasien trauma ke tempat lain.,true
"""Ada""""zona terlarang"""" di Swedia di mana polisi tidak bisa masuk.""",false
Stryker meluncurkan sistem pelapisan ulang lutut sebagian.,true
Peneliti kuil membalikkan gangguan kognitif pada tikus dengan demensia,false
Sekolah-sekolah di Austin Independent School District mengajarkan kepada anak-anak berusia 4 tahun bahwa gender mereka dapat berubah – bahwa mereka bukan laki-laki atau perempuan dan mereka dapat memilih gender mana pun yang mereka inginkan.,false
"Castoreum, sekresi yang dihasilkan berang-berang, biasanya digunakan sebagai bahan tambahan makanan.",false
Seattle telah mengenakan pajak cukai pada distributor minuman manis.,true
"Berikut statistiknya: Per populasi, kita saling membunuh dengan senjata dengan tingkat 297x lebih banyak dari Jepang, 49x lebih banyak dari Perancis, 33x lebih banyak dari Israel.",true
"Postingan Instagram mengatakan Donald Trump “memotong dana untuk CDC”, “memecat Tim Respons Pandemi”, “menolak tes WHO” dan “membuang waktu dua minggu dengan menyebut wabah ini sebagai ‘tipuan Partai Demokrat’.”",false
Secercah Harapan bagi Penderita Tumor Otak Ganas,false
Pria lanjut usia yang diusir karena ganja medis kembali menemui hambatan.,true
"Hardin B. Jones baru-baru ini mengungkapkan bahwa kemoterapi tidak berhasil 97%, dan dokter hanya merekomendasikannya untuk mendapatkan imbalan.",false
"Gosok topikal meredakan gejala pilek pada anak-anak, kata penelitian",true
Obat Generik Bisa Menyelamatkan Banyak Pasien Trauma,true
Korps Angkatan Darat menyetujui rencana $778 juta untuk memblokir kemajuan ikan mas Asia.,true
Pejabat: Norovirus berkontribusi terhadap kematian pengunjung restoran.,true
Presiden Obama memberi Meksiko $75 juta untuk membangun tembok di perbatasan selatan mereka.,false
Ketika pengobatan tidak berhasil: Program inovatif meringankan gejala ADHD secara alami,false
Kelompok lingkungan hidup menuntut pabrik baja atas tumpahan bahan kimia di danau.,true
Terapi menawarkan harapan bagi bayi yang berisiko,false
"""Seorang hakim federal yang memutuskan gugatan pencemaran nama baik menyatakan bahwa CNN adalah"" ""berita palsu"".",false
Anda tidak dapat menularkan Covid-19 dari orang ke orang.,true
"""Marco Rubio Berkata"" ""Patrick Murphy adalah satu-satunya kandidat yang memberikan suara menentang setiap tindakan untuk mendanai Zika.""",false
Hakim mengatakan LA County salah mengeluarkan ribuan orang dari Medi-Cal.,true
Vietnam akan memobilisasi militer dalam memerangi demam babi Afrika.,true
Nebraska mengincar fasilitas daerah untuk merawat pelaku remaja.,true
PM Inggris May meminta maaf karena rumah sakit yang kewalahan membatalkan operasi non-darurat.,true
Teknik pencitraan baru meningkatkan deteksi kanker prostat,false
"Jika kami berada di 'Obamacare' dan seorang birokrat mencoba memberi tahu saya kapan saya bisa mendapatkan pemindaian CAT, hal itu akan menunda pengobatan saya.",false
"Satu dari setiap lima keluarga di negara bagian New Jersey memiliki orang tercinta yang mengidap penyakit mental, penyakit mental yang serius, dan saat ini, kami tidak peduli.",true
AS memperingatkan warganya di Tiongkok tentang wabah pneumonia.,true
RUU Senat California 145 akan melindungi para pedofil yang memperkosa anak-anak agar tidak mendaftar sebagai pelanggar seks.,false
"New York menunjukkan sedikit kemajuan dalam melawan virus corona, sedangkan New Orleans semakin buruk.",true
Ketidakpastian peraturan Brexit 'mengancam teknologi kedokteran Inggris'.,true
"(Perwakilan AS) Paul Ryan, Sean Duffy dan Reid Ribble … menutup rapat balai kota, atau meminta konstituen mereka membayar untuk menghadirinya.",false
"Di garis depan Ebola, dokter menemukan kesedihan dan inspirasi.",true
Sejarah keluarga membawa kandidat Kentucky ke tempat yang berbeda.,true
"""Selama wabah flu babi tahun 2009, Biden membuat komentar sembrono yang tidak didukung oleh ilmu pengetahuan dan para ahli. Pemerintahan Obama harus membereskan kekacauannya & meminta maaf atas ketidakmampuannya.""",true
J&J mengatakan tes baru tidak menemukan asbes dalam botol bedak bayi yang memicu penarikan kembali produk tersebut.,true
Tes Darah Dapat Menunjukkan Siapa yang Berisiko Tertular COVID Parah,true
Kasus batuk rejan di Texas Capitol mengarah pada vaksinasi.,true
Pembicaraan penyelesaian opioid meluas menjelang sidang federal pertama.,true
Penggunaan mariyuana yang mengandung fentanil merupakan kekhawatiran yang nyata dan terus berkembang di Amerika Serikat.,false
Pakar racun mengatakan angka kematian akibat gigitan ular di seluruh dunia 'sangat diremehkan'.,true
"Seorang pekerja di sebuah pabrik permen di Afrika secara tidak sengaja menularkan sejumlah coklat ke Ebola, dan kemudian dikirim ke Amerika.",false
"eRumor ini banyak beredar dalam bentuk video.  Ini adalah rekaman laporan dari WKYC-TV 3 di Cleveland, Ohio.  Ini menceritakan penemuan insinyur penyiaran televisi John Kanzius bahwa dia dapat menggunakan gelombang radio untuk membuat air asin terbakar.  Apakah ini sumber energi baru?",true
Para pakar kesehatan sedang tren olahraga air,false
“Anda dapat tertular virus corona melalui urin dan feses”,false
Joe Biden 'gagal' dalam pembacaan Ikrar Kesetiaan saat pidato kampanye September 2020.,false
Marco Rubio Mengatakan Patrick Murphy salah menyampaikan pendirian Rubio tentang aborsi bagi perempuan yang terinfeksi Zika.,false
Bill White Mengatakan Gubernur Rick Perry tidak pernah memegang pekerjaan di sektor swasta.,false
"""Covid-19 TIDAK membunuh orang. Sistem kekebalan tubuh yang lemah dan dokter yang buruklah yang membunuh.""",false
Campak berada di urutan teratas dalam daftar efek samping vaksin MMR.,false
Konvensi Perserikatan Bangsa-Bangsa tahun 1951 memberikan hak hukum bagi para migran yang melarikan diri dari kekerasan di negara asal mereka untuk memasuki Amerika Serikat.,false
Perempuan Perancis menuntut tindakan di tengah tingginya tingkat kekerasan dalam rumah tangga.,true
India mengusulkan dana regional untuk memerangi virus corona ketika jumlah kasus melebihi 100.,true
Kate Spade Foundation mendonasikan $1 juta untuk pencegahan bunuh diri.,true
"Arthrokinex Mengumumkan Produk IRAPjoint, Solusi Manajemen Nyeri Sendi Non-Obat dan Non-Bedah yang Terbuat Dari Darah Anda Sendiri.",false
"""George Will Says Bernie Sanders memilih""""untuk menghabiskan bulan madunya di Uni Soviet pada tahun 1988.""",true
Indiana mengirimkan barang pelindung virus ke kantor pemilu.,true
Minuman McDonald's mengandung zat non-makanan yang menjijikkan.,false
"""Wanita ini mengoleskan pembersih ke tangan/lengannya dan pergi ke dapur untuk memasak. Saat dia menyalakan kompor gas, tangannya terbakar karena alkohol yang terkandung dalam pembersih tersebut.""",false
Northam mengumumkan kemajuan dalam perawatan kesehatan mental.,true
"""Seorang gadis migran ditemukan dengan"" 20 jenis air mani di dalamnya. """" Selain itu, tiga orang berada di karantina karena penyakit yang """" tidak diketahui "".""",false
Sebuah meme mendokumentasikan pernyataan Presiden AS Donald Trump tentang pandemi COVID-19 pada Maret 2020.,true
Gelombang warga lanjut usia datang ke Garfield County.,true
"Stone mengatakan kepada Trump bahwa dia baru saja menutup telepon dengan Julian Assange (pendiri WikiLeaks) dan Assange mengatakan kepada Stone bahwa, dalam beberapa hari, akan ada banyak email yang akan merusak kampanye Hillary Clinton.",false
Donald Trump Mengatakan Joe Biden “meninggalkan Scranton.”,false
Sel Induk dan Jantung yang Melemah,false
"""Barack Obama Mengatakan Yayasan Donald Trump"" ""mengambil uang yang diberikan orang lain untuk amal dan kemudian membeli lukisan dirinya setinggi enam kaki.""",true
Pakar kesehatan jiwa bertanya: Apakah ada yang akan normal?.,true
Postingan Facebook mengatakan Ron Johnson dan 36 senator lainnya “memilih lembaga federal untuk memiliki akses ke riwayat internet Anda tanpa mendapatkan surat perintah.”,false
Ahli paleontologi menemukan ekor dinosaurus di Meksiko utara.,true
"Senator AS John McCain (R-AZ), saat menjalani pengobatan kanker yang didanai pembayar pajak, memilih untuk mengakhiri pengobatan kanker bagi penerima manfaat Medicare.",false
Plavix Dapat Membantu Mengurangi Risiko Kematian pada Pasien Jantung Tertentu,false
Popok Pampers Dry Max umumnya menyebabkan ruam popok parah dan luka bakar kimia pada bayi.,false
Suku Amish tidak mengidap autisme karena mereka tidak memvaksinasi anak-anaknya.,false
Bagaimana Kopi Pagi Anda Dapat Memperlambat Penuaan,false
Penyelidikan genetik mendukung pencarian keracunan makanan.,true
"Elektrokardiogram Sederhana Dapat Menentukan Apakah Pasien Mengalami Depresi Berat atau Gangguan Bipolar, Temuan Studi",false
"""Foto menunjukkan jarum bekas ditemukan di """" Partai Demokrat """" San Francisco.""",false
"""Kaum liberal Amerika sedang memperdebatkan manfaat"" ""aborsi setelah melahirkan"".",false
Virus corona “hanyalah flu biasa.”,false
Salah satu pencemar terbesar di negara kita adalah Milwaukee Metropolitan Sewerage District.,false
Kamala Harris mengusulkan penggandaan tempat tidur perawatan kesehatan mental.,true
Bahan mirip antibeku dalam Swiffer Wetjet membunuh hewan peliharaan dan menyebabkan gagal hati pada anak-anak.,false
"Pengadilan Senator negara bagian Colorado mengundurkan diri, dengan alasan masalah kesehatan.",true
Obat Eksperimental Dapat Mengobati Hepatitis C,true
Reynolds American mengajukan peninjauan FDA terhadap rokok elektrik.,true
Seorang anak perempuan mengungkapkan perasaannya yang tidak terlalu hangat terhadap mendiang ibunya dengan menyampaikan berita kematian yang pedas dan pedas.,true
Alat Baru untuk Membantu Pasien Jantung,false
Neurotoxin mungkin menyebabkan penyakit diplomat di Kuba: studi.,true
Majelis Umum [Georgia] mencabut pengawasan Pengawas dari Dewan Pendidikan Atlanta.,false
ColoradoCare akan memiliki pendapatan lebih tinggi daripada McDonald's.,true
Para ilmuwan memenangkan Nobel karena memetakan sistem 'lalu lintas sel' tubuh.,true
Perairan dangkal klaim terapi lumba-lumba,true
Beberapa aktor telah menendang ember di depan penonton.,true
"Dalam tindakan pembangkangan yang sekarat, penari Polandia dan korban Holocaust Franceska Mann menembak dan membunuh perwira SS Josef Schillinger.",true
Kelompok tersebut khawatir usulan tersebut dapat melemahkan perlindungan air Sungai Ohio.,true
"PM Inggris Johnson mengidap virus corona, melakukan isolasi mandiri di Downing Street.",true
"Pejabat Ventura County, California mengatakan mereka akan mengeluarkan anak-anak dari rumah orang tua yang positif COVID-19.",false
"Gerhana matahari, bayi kuda nil yang menggemaskan menghangatkan hati di tahun 2017.",true
Sekelompok CEO mengundurkan diri dari jabatannya karena dicurigai mendekati merebaknya pandemi COVID-19.,false
40% orang Amerika mengenal seseorang yang terbunuh oleh senjata.,true
Seorang YouTuber remaja populer merencanakan “aborsi langsung di depan kamera” untuk mengumpulkan donasi Bitcoin untuk Planned Parenthood.,false
"Saat ini, Indonesia sedang berjuang untuk mengatasi AIDS.",true
Partai Demokrat Florida Mengatakan Rick Scott memberikan pernyataan di mana dia meminta Amandemen Kelima sebanyak 75 kali tentang hubungannya sebagai kepala jaringan rumah sakit Columbia/HCA,true
Wabah penyakit perut di Yosemite mendorong pembersihan besar-besaran.,true
"Epidemi di Italia akan segera stabil, namun kewaspadaan diperlukan: WHO.",true
Saham Bayer merosot setelah keputusan kanker Roundup terbaru.,true
WellPoint mengatakan pelamar pertukaran kesehatan mencapai ekspektasi.,true
Fans tertular herpes karena meminum air mandi Belle Delphine.,false
Mike Morell bersaksi dan mengatakan kepada Kongres bahwa alasan Obama tidak mengebom ladang minyak ISIS adalah karena mereka khawatir terhadap pemanasan global.,false
Studi: Lumpur yang muncul selama pengerukan PortMiami membunuh karang.,true
"“Berdasarkan undang-undang layanan kesehatan yang baru, para lansia tidak akan mendapatkan perawatan ketika mereka telah “melewati batas usia untuk berobat.”",false
Troy Fraser Mengatakan mungkin diperlukan biaya lebih dari $300.000 untuk mencalonkan diri sebagai dewan direksi Koperasi Pedernales Electric.,false
Penulis email mengatakan dia mempunyai pengalaman buruk dengan semprotan hidung Zicam untuk pilek.  Dia langsung merasakan reaksi setelah menggunakannya dan menyadari bahwa akibatnya dia kehilangan semua indera perasa atau penciuman.  Dia bilang dia menemukan cerita orang lain di Internet yang juga kehilangan kemampuan mencium karena Zircam.  Dia memperingatkan untuk tidak menggunakannya dan juga menyertakan situs firma hukum yang menangani kasus cedera pribadi tentang Zircam.,false
"""Sebagai hasil dari suara Chris Sununu yang menentang kontrak Planned Parenthood, """"hampir 3.000 lebih sedikit"""" perempuan dan keluarga di seluruh negara bagian mengakses layanan kesehatan untuk pengendalian kelahiran, pemeriksaan kanker, dan pemeriksaan tahunan.""",false
Virginia Barat melaporkan peningkatan kasus penyakit Lyme.,true
"Pramuka menerapkan kebijakan baru yang mengharuskan kondom tersedia pada Jambore Pramuka Dunia yang diadakan setiap empat tahun sekali, tak lama setelah mengumumkan bahwa anak perempuan dapat bergabung dengan organisasi tersebut.",false
"Pada tanggal 23 Juni, angka kematian akibat COVID-19 “menurun.”",true
"""Email berantai mengatakan"" ""Pada usia 76 tahun ketika Anda paling membutuhkannya, Anda tidak memenuhi syarat untuk pengobatan kanker"" ""di bawah Undang-Undang Perawatan Terjangkau.""",false
Gilead menunda akses darurat terhadap obat eksperimental virus corona di tengah melonjaknya permintaan.,true
Aliansi Dokter Dunia menyatakan bahwa COVID-19 adalah sejenis flu dan bukan pandemi; bahwa hasil tes PCR mencapai 94% positif palsu; bahwa hanya 98 kematian terkait COVID-19 yang dilaporkan di Irlandia,false
Monsanto milik Bayer menghadapi 8.000 tuntutan hukum terkait glifosat.,true
"Jika Anda mengabaikan asuransi kesehatan bagi 23 juta orang -- penderita kanker, penderita penyakit jantung, penderita diabetes -- ribuan orang akan meninggal. … Ini adalah penelitian demi penelitian yang menegaskan hal ini.",true
Polisi AS membunuh lebih banyak orang hanya dalam satu bulan dibandingkan yang dilakukan di Inggris selama lebih dari satu abad.,false
Penduduk Wisconsin menggunakan ganja medis di tengah pembatasan.,true
Lebih dari 300 ribu pemilik rumah bunuh diri disebabkan oleh penyitaan.,false
"""Sebagai bagian dari perjuangan legislatif mengenai hak aborsi, """"Mike Coffman ikut mensponsori rancangan undang-undang untuk mendefinisikan kembali pemerkosaan.""",true
Infeksi HIV di AS stabil namun terdapat kesenjangan.,true
"Katie Flynn dipenggal saat mengenakan sabuk pengaman, dalam kecelakaan mobil tahun 2005 di Long Island, New York.",true
Email yang diteruskan memperingatkan bahwa seseorang yang diyakini positif HIV ditemukan memasukkan darah ke dalam dispenser saus tomat di sebuah restoran cepat saji.  Ini memperingatkan untuk hanya menggunakan paket saus tomat yang tersegel.,false
Perubahan lautan mempengaruhi duo siklon mematikan di Mozambik.,true
"""Joe Exotic dites positif mengidap virus corona di penjara. Sudah dikonfirmasi.""",false
Studi Kanker Payudara: Buah dan Sayur Bukan Jawabannya,true
Menguji sensor yang dapat dikenakan sebagai lampu 'periksa mesin' untuk kesehatan.,true
"""Di bawah platform saya, saya tidak akan membuat perubahan pada sistem (Medicare) yang ada untuk pensiunan saat ini dan siapa pun yang mendekati masa pensiun.""",false
"""Lagu """"Dua Belas Hari Natal"""" dibuat sebagai referensi kode untuk artikel-artikel penting dari iman Kristen.""",false
"""Brett Hulsey Says lawannya, Mary Burke, mengatakan kepada wartawan bahwa dia akan """"mewajibkan para pekerja untuk menyerahkan layanan kesehatan dan tunjangan pensiun yang ditawar seperti Gubernur Walker.""",false
Glaxo memenangkan izin FDA untuk vaksin rotavirus.,true
Gambar viral mengatakan Kamala Harris dan senator Demokrat lainnya “memilih untuk membiarkan bayi menjerit sampai mati jika mereka dilahirkan hidup.”,false
Ada kota-kota di Texas Barat yang kehabisan air dan harus mengangkut air dengan truk.,false
Zona larangan penyemprotan memisahkan petani Prancis dari negara tetangganya yang cemas.,true
"Sepertiga dari seluruh generasi muda Amerika tidak berada di Amerika saat ini karena aborsi, karena satu dari tiga kehamilan berakhir dengan aborsi.",false
Kabupaten ke-9 Whitman County menyetujui pembukaan kembali fase 2.,true
"""Penyedia layanan kesehatan mental di Carolina Utara bernama""""Nutz R Us.""",true
Pemerintah memaksa KFC untuk berhenti menggunakan kata 'ayam' pada nama mereka karena menyajikan daging yang berasal dari hewan mutan.,false
Infeksi virus corona di Jepang melampaui 1.000: NHK.,true
Perawatan eksperimental dapat membantu alergi makanan,false
Juara Grand Slam: John McEnroe Meningkatkan Kesadaran Tentang Kanker,false
"Terdakwa penembak sekolah di Florida adalah seorang Pemimpi, penerima DACA, atau tidak berdokumen.",false
Keputusan pengadilan dapat membantu J&J mengalahkan tuntutan hukum talk di St. Louis.,true
Rick Perry Mengatakan Anda memerlukan ID foto untuk membeli Sudafed di Texas.,true
Studi baru menunjukkan suplementasi ekstrak capsicum membantu meningkatkan laju metabolisme,false
"Taipan dan dermawan Amerika John D. Rockefeller menulis """"keyakinan masonik"""" yang dimulai dengan kalimat: """"Kami akan menjaga hidup mereka tetap singkat dan pikiran mereka lemah sambil berpura-pura melakukan yang sebaliknya.""",false
Anggota parlemen dan responden pertama membunyikan alarm mengenai dana 9/11.,true
Saat ini lebih banyak kasus polio yang disebabkan oleh vaksin dibandingkan virus liar.,true
"Kasus campak Austin bukanlah ancaman, para pejabat memperingatkan akan adanya demam.",true
Ada bukti bahwa Rep. Ilhan Omar menikah dengan saudara laki-lakinya.,false
Mandat kesehatan mental yang tidak didanai membebani sekolah-sekolah di Indiana.,true
Partai Republik dan Partai Demokrat bekerja sama untuk mengatasi tagihan medis yang mengejutkan.,true
Hampir 1/2 Staf Sekolah Menghadapi Peningkatan Risiko COVID,true
Gugatan yang diajukan oleh seorang penggemar yang terluka mengungkapkan bahwa seorang wasit membatalkan keputusan penting dalam pertandingan bisbol tahun 1908.,false
Racun yang menjadi inti penarikan obat menunjukkan adanya lubang dalam jaring pengaman medis.,true
"""Multnomah County Berkata"" ""Anak Anda baru saja makan 16 bungkus gula.""",true
"Uang stimulus mendanai dewan pemerintah yang membuat rekomendasi yang akan merugikan 378.000 pekerjaan dan penjualan sebesar $28,3 miliar.",false
Kanada mengatakan 12 orang tewas dalam wabah keracunan makanan.,true
"Buah dari pohon graviola (sirsak atau guyabano), atau komponen tanaman lainnya (A. muricata), merupakan obat yang ampuh untuk menyembuhkan kanker.",false
“Anggota parlemen perempuan meluncurkan rancangan undang-undang yang melarang pembuangan “air mani yang tidak terpakai.”,false
18 orang muak di restoran NH yang populer di kalangan politisi.,true
"“Imigran tidak berdokumen di Amerika Serikat menerima pekerjaan, SIM, kupon makanan, layanan kesehatan, perumahan, pendidikan, “bisnis bebas pajak selama tujuh tahun”, dan “tunjangan anak”.",false
Laporan kesehatan seksual mengatakan $25 per wanita per tahun akan mengurangi kematian.,true
Email yang diteruskan berubah menjadi meme media sosial menggunakan statistik untuk menunjukkan dampak imigrasi tidak berdokumen.,false
Coca-Cola menarik kembali produk air Dasani setelah parasit bening ditemukan dalam botol di seluruh Amerika Serikat.,false
Sebuah foto menunjukkan tanda-tanda protes yang dibawa oleh para demonstran yang menyerukan pelonggaran pembatasan sosial akibat COVID-19.,false
"Ratusan orang berkumpul di Goma, Kongo untuk pawai “Hentikan Ebola”.",true
"Lupakan makan siang martini, kerja keras memadukan bisnis dengan olahraga.",true
Studi: Pekerja penjara Michigan menghadapi krisis kesehatan mental.,true
"Makanan ""Beyond Meat"""" dan """"Impossible Burger"""" memiliki bahan yang hampir sama dengan makanan anjing.""",false
"""Setelah 44 tahun, kami baru saja meloloskannya... pilihan veteran. ... Saya berkata, saya punya ide yang paling hebat. Kami akan melakukan ini."""" """,false
"Antibiotik Mengalahkan Infeksi Telinga Pada Anak Kecil, Studi Menemukan",true
"Alat pelindung diri, ponsel, obrolan video: Cara pendeta Amerika melayani pasien COVID-19.",true
"Postingan Facebook mengatakan Gubernur Tony Evers “mengusulkan rencana baru, penutupan negara selama 150 hari (5 BULAN!) diikuti dengan perpanjangan 120 hari.”",false
Ebola menyebar ke wilayah terpencil di Kongo yang dikelola milisi.,true
rumah sakit jiwa umum DC untuk memperbaiki air minum.,true
Tiga belas saudari Felician dari satu biara meninggal karena COVID-19.,true
Seekor panda yang ditangkap sengaja memalsukan gejala kehamilannya agar mendapat perlakuan khusus dari pemiliknya.,false
"""Serikat pekerja tidak menciptakan""""8 jam kerja sehari dan 40 jam kerja seminggu.""""Henry Ford yang menciptakannya.""",false
Sebuah foto menunjukkan dua perawat Italia di rumah sakit beberapa hari sebelum mereka tertular COVID-19 dan meninggal.,false
"Untuk membentuk lutut: Dilakukan dengan benar, cepat, aman, dan efektif",false
"""Anda menangkap seorang penjahat, dan Anda harus melepaskannya,"" mengacu pada orang-orang yang tertangkap mencoba memasuki AS secara ilegal. """,false
Kepemimpinan Partai Republik memimpin pengukuhan Loretta Lynch sebagai jaksa agung.,false
“COVID secara harafiah berarti Penyakit Menular Virus yang Berasal dari Tiongkok.”,false
Bakteri Dari Ibu Dapat Menjajah Kelahiran Sesar,true
Glaxo mengatakan vaksin kanker serviks bekerja lebih lama.,true
PM Johnson memperingatkan warga Inggris: semakin banyak orang yang dicintai akan meninggal akibat virus corona.,true
Seorang pria Afrika-Amerika yang tinggal di wilayah Boston ditembak oleh petugas polisi menyusul perselisihan mengenai rokok ganja.,false
Undang-undang reformasi layanan kesehatan “kemungkinan akan mewajibkan operasi ‘ganti kelamin’ secara gratis.”,false
"""Peraturan Amerika Serikat"" termasuk yang paling sulit di dunia.""",false
GlaxoSmithKline mencari persetujuan baru untuk obat payudara,false
Pencarian penegakan hukum terhadap pemalsu uang kertas satu dolar berlangsung selama sepuluh tahun.,true
"Pada bulan Juni 2018, anggota Gereja Metodis Bersatu mengajukan tuntutan gereja, termasuk pelecehan anak, terhadap Jaksa Agung Jeff Sessions.",true
"“CDC telah mengusulkan aturan baru yang memungkinkan badan tersebut untuk “”menangkap dan menahan siapa pun, di mana pun, kapan pun, tanpa Proses Hukum atau hak untuk mengajukan banding”” dan “”melaksanakan vaksinasi paksa.”",false
Joe Biden mengatakan Presiden Donald Trump “membutuhkan waktu lebih dari sebulan untuk mengalokasikan dana darurat Kongres kepada suku-suku – dan baru melakukannya setelah suku-suku tersebut menggugat.”,true
"Ketika Disney ingin membangun Disney World, mereka datang ke Miami dan kami menyuruh Disney untuk melakukan pendakian.",false
Gerakan yang tepat dapat mencegah cedera,false
“Kerusakan: Inggris Bersiap Untuk Penguncian Penuh Setelah Ratusan Kasus Baru - Pembaruan Virus Super Wuhan.”,false
Beberapa pasien di wilayah Kansas City meninggalkan dokter yang membayar biaya layanan.,true
Panti jompo di Prancis mendapat pelajaran berharga dalam membendung virus corona.,true
Mediator Bayer menolak laporan penyelesaian Roundup senilai $8 miliar.,true
Pengobatan baru menawarkan harapan untuk mengatasi guncangan yang tak tergoyahkan,true
"""Ann Kuster menutup mata terhadap mereka yang membutuhkan pendanaan"" dengan memilih """"menentang pendanaan untuk para veteran negara kita, wanita dan anak-anak berpenghasilan rendah, FDA dan Institut Kesehatan Nasional.""",false
"Ketika (Ronald) Reagan menjabat, dari tahun 1978 hingga 1982, pertumbuhan ekonomi rata-rata kurang dari 1 persen per tahun. Hanya ada satu periode empat tahun lagi yang menyatakan hal tersebut benar. Itu benar dari tahun 2008 hingga 2012.",false
"“Selama skandal Watergate, Presiden Nixon menyalahkan semua kontroversi tersebut pada ilegalitas tindakan pembocor” “Deep Throat.”",false
"Romneycare mencakup aborsi, imigran ilegal dan memiliki pilihan publik. Obamacare tidak.",false
Pemain bintang sepak bola Brian Banks dihukum karena memperkosa seorang wanita yang mengaku di Facebook bahwa dia mengarang tuduhannya -- setelah dia menjalani hukuman enam tahun penjara.,true
Aspirin sendiri merupakan penghilang bekuan darah yang baik setelah operasi lutut,true
"""Mike Wise Mengatakan Komisaris NFL Roger Goodell mewawancarai korban kekerasan dalam rumah tangga Janay Rice dengan kehadiran Ray Rice dan untuk """"setiap lembaga kekerasan dalam rumah tangga, setiap lembaga penegak hukum, itu tidak boleh.""",true
Beberapa perawat di Kenya menolak pasien virus corona sebagai protes atas kekurangan: serikat pekerja.,true
Umat ​​Muslim Indiana dikejutkan dengan papan reklame yang menampilkan daftar amalan Nabi Muhammad padahal akurat.,false
Pemimpin Minoritas DPR Nancy Pelosi mengalami kecelakaan mobil dan kemudian dinyatakan positif menggunakan kokain.,false
"Kematian akibat virus corona di Kanada melonjak 35%, menurut Quebec, peralatan semakin menipis.",true
Sekolah menawarkan kelas berkebun obat.,true
"Seiring dengan meningkatnya jumlah vaksin yang diberikan kepada anak-anak di Amerika Serikat, tingkat autisme juga meningkat.",false
Sekarang para ilmuwan membaca pikiran Anda lebih baik dari yang Anda bisa.,true
Jordan Chandler mengaku berbohong soal pernah dicabuli Michael Jackson.,false
"""Chris Larson Mengatakan Chris Abele """"sudah punya waktu lima tahun dan dia tidak melakukan apa pun"""" tentang Bendungan Estabrook.""",false
"""Masker wajah selalu melindungi dari virus corona""",false
Vibrant Body Company mengadakan promosi bra online sebagai kedok perdagangan manusia.,false
"""Presiden AS Donald Trump menyebut Presiden Italia Sergio Mattarella """"Mozzarella,"""" lalu memuji aliansi Amerika sejak zaman Romawi kuno.""",false
"""Justin Schneider """"tidak diberikan hukuman penjara,"""" meskipun telah mencekik dan menyerang seorang pejalan kaki di Anchorage, Alaska, pada tahun 2017.""",true
"""Sebuah foto menunjukkan lingkaran tanaman asli yang menyerupai logo Microsoft Windows dan bentuk """"mahkota"""" yang terkait dengan virus corona.""",false
Kerupuk merek Cheez-It mengandung bahan pengawet TBHQ yang terbuat dari butana dan berbahaya untuk dikonsumsi.,false
Lions QB Stafford tidak berolahraga karena istrinya menderita tumor otak.,true
Industri energi Iran yang haus menghadapi kekurangan air.,true
Reseptor rasa pahit mungkin memegang kunci dalam menangani persalinan prematur,false
Selandia Baru merencanakan belanja besar-besaran untuk melawan kehilangan pekerjaan akibat virus.,true
Pola makan yang kaya vitamin D dapat membalikkan kerusakan gigi dan menumbuhkan kembali bagian gigi yang hilang karena gigi berlubang.,false
"Murphy membatalkan Christie dan menyetujui $7,5 juta untuk kesehatan wanita.",true
Bintang Keluarga Partridge David Cassidy meninggal pada usia 67 tahun setelah dilarikan ke rumah sakit Florida karena kegagalan organ.,false
J&J mengatakan obat psoriasisnya lebih unggul dari Novartis dalam penelitiannya,false
J&J menarik kembali sejumlah obat tertentu setelah pencurian.,true
'Mainkan Video Game Ini Dan Telepon Saya Di Pagi Hari',false
Mantan gubernur Colorado Richard Lamm menyampaikan pidato tentang bahaya multikulturalisme.,true
"""Partai Demokrat Florida Kata Rick Scott"" ""mengawasi penipuan Medicare terbesar dalam sejarah negara.""",true
Presiden AS Donald Trump mengatakan bahwa peningkatan pengujian COVID-19 membuat AS terlihat buruk dengan meningkatnya jumlah kasus virus corona.,true
"RUU untuk menaikkan usia tembakau tidak mungkin mempunyai sekutu: Altria, Juul.",true
Sangat besar! Hasil Studi Breaking Klorokuin Menunjukkan Tingkat Kesembuhan 100% Pada Pasien Terinfeksi Virus Corona.,false
Cara Mencegah Serangan Jantung: Kirim SMS ke Pasien tentang Kebiasaan Sehat,true
Obat Zeltia menunda perkembangan kanker ovarium.,true
AS akan mewajibkan pemeriksaan Ebola yang lebih ketat di bandara: senator.,true
Nyatakan penemuan udara yang lebih baik selama pengujian baru di pabrik Howell.,true
Wanita yang memakai antidepresan mungkin merasakan manfaat seksual dari Viagra,true
"Meski awalnya lambat, Ricketts percaya diri di TestNebraska.",true
Dokter di Inggris mengungkapkan pemisahan anak kembar yang menyatu di bagian kepala.,true
Mengurangi umpan: Penurunan harga cacing mengancam cara hidup.,true
Trump mengarahkan pemerintah untuk memperbarui perawatan penyakit ginjal.,true
Anggota kongres petahana menghadapi penantang Partai Republik pada Hari Pemilihan.,true
Dokter Delaware yang dituduh memperdagangkan narkoba untuk seks kehilangan izinnya.,true
TGen mengidentifikasi obat yang dapat membatasi penyebaran tumor otak yang mematikan,false
Tamiflu Roche untuk anak-anak untuk sementara waktu terbatas di AS.,true
Kehidupan teknologi tinggi memacu latihan kebugaran kembali ke dasar.,true
"Lemon Fresh Joy (cairan pencuci piring), Listerine (obat kumur), dan jeruk nipis dengan cengkeh akan mengusir nyamuk atau mematikannya dari langit.",false
"""Gubernur Texas Greg Abbott mengatakan melalui panggilan telepon bahwa"" ""pembukaan kembali"" negara bagiannya akan disertai dengan peningkatan kasus COVID-19.""",true
Rumah sakit Glen Eagles mengeluarkan peringatan darurat karena tujuh wanita meninggal setelah mengendus sampel parfum yang diterima melalui pos.,false
"Trump mengutip dukungannya terhadap Medicare, dan mengecam Medicare untuk Semua.",true
Polisi di Seattle mengambil senjata seorang pria tanpa surat perintah.,false
Beberapa pasien transplantasi baik-baik saja tanpa pengobatan obat selama bertahun-tahun,true
"H. R. 6666 (UU TRACE) diberlakukan untuk mengizinkan pemerintah memasuki rumah-rumah pribadi, memaksa orang melakukan tes COVID-19, dan mengeluarkan anak-anak atau orang dewasa dari rumah dengan kekuatan hukum.",false
Menteri Kesehatan Brasil mengundurkan diri setelah satu bulan menjabat.,true
Georgia menempati peringkat No. 9 dalam jumlah perempuan yang dibunuh oleh laki-laki.,true
Gadis gemuk dari Ipanema? Brasil menambah berat badan.,true
"Ibu Negara Melania Trump memposting tweet yang diatur sedemikian rupa sehingga huruf pertama dari setiap baris mengeja kata """"HELP.""",false
Resveratrol Dapat Memperlambat Penuaan pada Manusia,false
Pil yang diminum sehari sekali yang diuji di Florida Selatan menunjukkan hasil yang menjanjikan dalam melawan AIDS,false
Serangan jantung diam-diam: Apa yang tidak Anda ketahui bisa membunuh Anda,false
"Dengan menggunakan 'metrik' miliknya sendiri, Trump mengatakan bahwa mengakhiri penutupan pemerintahan AS adalah keputusan terbesar yang pernah ada.",true
Bedah Bariatrik Membantu Remaja Dengan Obesitas Parah Mengurangi Risiko Penyakit Jantung,true
Keadaan darurat di Jepang membungkam kehidupan malam tetapi kota-kota masih buka karena infeksi meningkat.,true
Jumlah operasi yang tergolong mendesak dan telah dibatalkan sebanyak dua kali telah meningkat dua kali lipat sejak tahun 2010.,true
Pejabat Oregon mengonfirmasi kasus kedua penyakit terkait vaping.,true
"Kematian akibat wabah di Madagaskar mencapai 124 orang, kata negara kepulauan itu.",true
New Hampshire mendesak pendatang baru dari Tiongkok untuk tinggal di rumah.,true
Pil Baru untuk MS Menunjukkan Janji dalam Uji Klinis,true
"“Florida, Georgia, Idaho, South Dakota & Tennessee sekarang bebas masker!!!”",false
Seekor anjing keluarga menyelamatkan anak-anak kecil yang sedang tidur dari pelecehan seksual dengan menggigit alat kelamin penyusup.,false
Lonjakan Karbon Monoksida di pantai barat menandakan akan segera terjadi gempa bumi besar.,false
Bunuh diri adalah penyebab kematian sekitar 3.000 orang per hari,false
"""Newt Gingrich Mengatakan rencana layanan kesehatan Hillary Clinton sejak tahun 1990-an """"memiliki ketentuan yang lebih luas yang mendukung hak perusahaan untuk mundur"""" dalam menyediakan cakupan kontrasepsi dibandingkan dengan yang dibuat oleh keputusan Mahkamah Agung Hobby Lobby.""",false
Orang-orang Rusia yang tidak sehat mengira mereka berada dalam kondisi yang baik.,true
Bahan kimia industri OSR#1 digunakan sebagai pengobatan autisme,true
Sel Punca dan Bedah Payudara,true
"Komedian Andy Kaufman masih hidup, bertahun-tahun setelah kematiannya diumumkan.",false
Analisis baru di AS mendukung pemeriksaan payudara tahunan,false
"Miliki bayi dengan harga murah dan baru, kata dokter kesuburan Joel Batzofin",false
Lebih banyak orang yang kehilangan asuransi mereka (karena Obamacare) dibandingkan yang baru mendapatkan asuransi.,false
Cara yang lebih baik untuk melihat otak,false
Aktor Kirk Cameron mengidap penyakit kusta yang sangat langka.,false
Email: Calon Trump terlibat dalam mengesampingkan panduan virus CDC.,true
Prancis membuka kembali perdebatan eutanasia dengan keputusan hak untuk mati.,true
Peneliti Delaware meneliti dampak kanker pada saudara kandung.,true
Mayoritas Maju Kata Senator Thom Tillis “tidak berpikir pekerja restoran harus mencuci tangan.”,false
Petugas polisi Asheville menghancurkan tenda medis dan perbekalannya saat memberlakukan jam malam selama protes terhadap kebrutalan polisi.,true
Cinta menang: persiapan pernikahan dilanjutkan di Wuhan seiring dengan dicabutnya lockdown virus corona.,true
Virus corona baru yang menyebabkan COVID-19 adalah “virus flu biasa.”,false
Populasi nyamuk di Florida Selatan lebih besar dibandingkan di banyak komunitas lain di negara ini.,true
"""Dan Patrick Mengatakan undang-undang perpajakan Texas akan """"menghemat rata-rata pemilik rumah di Texas sebesar $20.000 per tahun selama sekitar 20 tahun ke depan.""",false
"""Paul Broun Mengatakan Perwakilan AS Phil Gingrey dan Jack Kingston telah """"bahkan mengubah suara sesuai suara saya, berkali-kali.""",false
"""Tentang presiden yang secara sepihak mengizinkan serangan militer"" yang tidak berarti menghentikan ancaman nyata atau ancaman yang akan terjadi terhadap negara.",false
Hasil awal meningkatkan harapan akan upaya penyuntingan gen yang bersejarah.,true
Jumlah orang di Atlanta yang meninggal karena HIV dan AIDS menurun 59 persen antara tahun 2004 dan 2012.,true
Penyebab kematian nomor 1 pada pria Afrika-Amerika berusia 15-34 tahun adalah pembunuhan.,true
Konservasi berkafein: Petani Kolombia mengganti koka dengan kopi untuk melindungi satwa liar.,true
"Anna Mae Dickinson selamat dari berbagai tragedi terkenal, termasuk tenggelamnya Titanic, ledakan Hindenburg, dan serangan teroris 9/11.",false
Keranjang belanja tidak sukses besar saat pertama kali diperkenalkan.,true
McCain menentang pagar perbatasan.,false
Obat baru menunjukkan harapan dalam melawan kanker payudara,false
Ketakutan bahwa keributan atas bayi-bayi yang disunting gennya dapat menghalangi ilmu pengetahuan.,true
Biologi memberikan kelonggaran hukum bagi psikopat Amerika.,true
"""Bill White Mengatakan para pemimpin negara bagian Partai Republik menggunakan manajemen anggaran"" ""gaya Soviet"""".",false
"""You have to be with someone for 10 minutes to catch the virus""",false
Virus adalah bahan mati yang dikeluarkan dari sel penyembuhan. Setiap orang memiliki ribuan virus di dalam tubuhnya.,false
Novartis menggugat di California atas obat batuk anak-anak.,true
Eropa adalah pusat pandemi virus corona: WHO.,true
Flu burung baru di Tiongkok mengingatkan akan risiko mutasi virus.,true
Tes medtronic stent untuk disfungsi ereksi,false
Sebuah penelitian yang dilakukan di Laboratorium Nasional Los Alamos menemukan bahwa pemindai tubuh gelombang milimeter yang biasa digunakan oleh keamanan bandara dapat mengubah DNA Anda.,false
Studi baru menemukan bahwa terapi proton memiliki efek samping yang lebih sedikit pada pasien kanker esofagus,false
Pemeriksaan kanker paru-paru gratis di wilayah Augusta menunjukkan angka kanker dua kali lipat dibandingkan pemeriksaan sebelumnya,true
Obat ADHD tidak meningkatkan masalah jantung pada anak-anak.,true
‘Pasien Ajaib’ Menemukan Harapan Baru dengan Vaksin Kanker Payudara,false
AS Tidak Akan Bergabung dalam Upaya Vaksin COVID-19 Global,true
"Bekerja pada kehidupan seks tikus, kehidupan sebagai luak dihormati di Hadiah Ig Nobel.",true
Kasus tuberkulosis dilaporkan di distrik sekolah Syracuse.,true
Pengembaraan luar angkasa: sinar kosmik dapat merusak otak astronot.,true
COVID-19 tidak terlalu mematikan dibandingkan flu musiman,false
"Dengan keterusterangan yang langka, Lovato mencatat kesembuhan dan kekambuhannya.",true
Pemerintahan Obama bahkan telah bergabung dengan pemerintahan Islam dalam mensponsori resolusi PBB yang akan merusak Amandemen Pertama kita dengan mengancam akan menjadikan diskusi tentang Islamisme radikal berpotensi ilegal.,false
Makanan ringan yang dipasarkan kepada anak-anak banyak mengandung bahan-bahan penyebab kanker.,false
Pengacara 'Boston Legal' mengajukan kasusnya untuk obat Alzheimer,true
Best Buy melihat pertumbuhan teknologi perawatan kesehatan untuk lansia.,true
Sekitar 18 juta 'imigran gelap' menerima cek tunjangan selama penutupan pemerintahan pada bulan Januari 2019.,false
Jumlah terpidana mati sejak tahun 2000 yang meninggal karena sebab alami kini telah melampaui jumlah terpidana mati yang dieksekusi.,true
"""Alan Bates Berkata"" ""80 persen dana layanan kesehatan dibelanjakan oleh 20 persen populasi.""",true
"Penyedia WVa untuk mendapatkan penyalahgunaan zat, pendanaan kesehatan mental.",true
Studi baru menunjukkan ekstrak bawang putih tua dapat mengurangi penumpukan plak berbahaya di arteri,false
Cantwell dan Hutchison bertemu dalam debat kedua Senat Washington.,true
Para ahli menuntut tindakan Eropa terhadap bahan kimia plastik.,true
Pengobatan baru membekukan tumor ovarium,false
2 anak anjing di-eutanasia setelah kontak dengan kelelawar gila.,true
Prancis akan menghindari diskriminasi ketat berdasarkan usia saat keluar dari lockdown.,true
Sisi gelap dari operasi mata,false
"“Laporan CDC, tapi media bungkam tentang kebenaran tentang pemilu Wisc 7 April” tidak menyebabkan lonjakan kasus COVID-19.",false
"Meski sudah melakukan detente, sanksi terhadap Korea Utara memicu epidemi TBC.",true
Pembersihan polusi beracun dari Sungai Kismis hampir selesai.,true
Untuk menjual asuransi di Florida ada lebih dari 40 kondisi individu terpisah yang harus ditanggung. ... jauh melampaui manfaat kesehatan penting yang termasuk dalam Obamacare.,false
Dawkins mengatakan dia berhenti bermain sepak bola karena kesehatan mental.,true
"""Pasta gigi mengandung"" ""zat beracun fluorida.""",false
Tidak ada iklan negatif sama sekali dalam kampanye saya.,false
Obat Radang Sendi Juga Dapat Melawan Diabetes,false
3 astronot Stasiun Luar Angkasa Internasional mendarat di Kazakhstan.,true
Kelompok nirlaba memberikan $30 juta untuk fasilitas baru di Omaha VA.,true
"""Pada tahun fiskal 2014, Planned Parenthood melakukan 327.653 aborsi sambil menerima $528 juta dari pembayar pajak, yang merupakan pelanggaran"""" terhadap """"amandemen Hyde"".",false
“Tidak ada bahan kimia yang mengiritasi” yang digunakan untuk membersihkan kerumunan. Bola lada “bukan bahan kimia yang mengiritasi”.,false
Merkel dari Jerman menjalani karantina setelah melakukan kontak dengan dokter yang terinfeksi.,true
"“Bagi Organisasi Kesehatan Dunia, entitas internasional yang satu-satunya tanggung jawabnya adalah memperingatkan dunia akan pandemi global seperti ini, jika melewatkannya, adalah masalah besar.”",false
Apa dampak jangka panjang dari virus corona (COVID-19)?,true
"""Mike Dovilla Mengatakan keputusan Presiden Obama untuk tidak mengeluarkan izin untuk pipa Keystone XL berarti""""kami tidak diberi kemampuan untuk segera menurunkan harga di pompa.""",false
Trump mengatakan AS tidak akan pernah bisa menyatakan 'kemenangan total' atas virus ini.,true
"6 Mei 1993: Plot episode Simpsons membuat kota Springfield terserang flu yang berasal dari Asia. Saat kota meminta vaksin, lebah pembunuh muncul.",false
"Mantan Presiden AS Ronald Reagan pernah berkata, """" Senjata dan amunisi tidak boleh diserahkan dengan alasan apa pun; segala upaya untuk melucuti senjata masyarakat harus dihentikan, dengan kekerasan jika perlu.",false
Peta dan alat bantu pelarian lainnya diselundupkan ke tawanan perang Sekutu di lokasi Monopoli selama Perang Dunia II.,true
Seruan untuk layanan kesehatan universal diperbarui di Rhode Island.,true
Tes napas dan urin baru mendeteksi kanker payudara dini dengan lebih akurat,false
"Dearborn, Michigan, menjadi kota pertama di Amerika yang menerapkan hukum syariah.",false
Kanada dimasukkan dalam pemberitahuan air mendidih secara nasional pada musim semi tahun 2019.,false
Dokter terlalu sering melakukan skrining kanker serviks: belajar,true
"FCC menggerebek kantor pusat CNN dengan alasan bahwa jaringan berita TV tersebut """"melanggar pedoman pers.""",false
California menyetujui apoteker untuk mengeluarkan obat pencegahan HIV.,true
Infografis Vox menghitung kematian anggota parlemen dari Partai Republik dibandingkan dengan nyawa yang berpotensi diselamatkan oleh dampaknya terhadap kebijakan layanan kesehatan.,false
"Jaksa Agung Jeff Sessions mengatakan penggunaan ganja menyebabkan lebih banyak hubungan seks, sehingga menyebabkan lebih banyak kehamilan yang tidak diinginkan dan lebih banyak aborsi.",false
Wabah E. coli yang terkait dengan selada romaine pada musim gugur tahun 2018 disebabkan oleh keputusan Presiden Trump untuk membatalkan peraturan yang ada tentang inspeksi air pertanian.,false
Ken Burns mengalihkan perhatiannya ke Mayo Clinic.,true
Dokter Tiongkok mendapat penangguhan hukuman mati karena memperdagangkan bayi baru lahir.,true
Pengadilan mengatakan sekolah dapat bertanggung jawab atas kasus bunuh diri tetapi membebaskan MIT.,true
"Musim flu di AS datang lebih awal, didorong oleh virus yang tidak terduga.",true
"""Donald Trump Mengatakan dia"" ""memenangkan suara populer jika Anda mengurangi jutaan orang yang memilih secara ilegal.""",false
London bisa menjadi tuan rumah Olimpiade 2020 jika dipindahkan karena virus corona - calon walikota.,true
Hakim tidak akan mengakhiri pengawasan pembersihan Everglades yang telah berlangsung selama puluhan tahun.,true
Dokter anak di AS mendukung pernikahan sesama jenis dan hak adopsi.,true
Satu galon (bensin) yang dikirim ke garis depan untuk pasukan kita di Afghanistan berharga lebih dari $400.,true
Senator Elizabeth Warren telah menggunakan Risperdal sejak pertama kali diresepkan obat tersebut pada tahun 2011.,false
"Perawatan preventif… menghemat uang, bagi keluarga, bagi dunia usaha, bagi pemerintah, bagi semua orang.",false
Memperpanjang waktu siang hari dapat meningkatkan kesehatan dan membantu planet bumi.,true
"Tanpa perwakilan, (IRS) bisa menaikkan pajak.",false
PING memberi para veteran yang terluka pelajaran gratis dan tongkat golf.,true
Seorang gadis muda memutus alat bantu hidup kakeknya untuk mengisi daya ponselnya.,false
Sebuah foto memperlihatkan seorang pria yang didiagnosis mengidap kanker mata akibat menggunakan ponselnya di malam hari.,false
Studi baru memperluas perdebatan mengenai manfaat mammogram,true
Bagaimana terobosan tes kesuburan baru menawarkan harapan bagi keluarga yang mengalami keguguran,false
Kombinasi Avandia dan metformin dosis rendah menurunkan perkembangan menjadi diabetes hingga dua pertiganya dengan sedikit efek samping,true
Uji coba virus corona ditingkatkan untuk membantu Abbott menghadapi 'kuartal terberat'.,true
"Masker Tiongkok, atau 'emas biru', tiba di rumah sakit Swiss.",true
Para pemimpin Tiongkok memerintahkan penyelidikan atas skandal vaksin.,true
"Seorang wanita yang muncul di New York setelah Hillary Clinton meninggalkan upacara peringatan 9/11 karena alasan medis adalah tubuh ganda Teresa Barnwell, bukan Clinton sendiri.",false
"""Email berantai Mengatakan bahwa dalam sidang, Perwakilan Gabrielle Giffords menyarankan kepada Jenderal David Petraeus bahwa Angkatan Darat """"lebih menekankan pada metode yang tidak terlalu merusak lingkungan, seperti menikam atau memukul pasukan musuh untuk meminimalkan keluaran karbon.""",false
Gambar Presiden Trump yang menderita stroke digunakan untuk menyebarkan virus yang menyapu komputer dan ponsel.,false
"Kacang, Siapa Saja? Peneliti Mengekspos Anak pada Makanan Berisiko Untuk Menyembuhkannya",true
"Jim Rubens Mengatakan ketika warga sipil bersenjata menghentikan penembakan massal dengan senjata, rata-rata 2,5 orang tewas; jika tidak, rata-rata 18 orang meninggal.",false
Metode Pencitraan Jantung Baru Dapat Memprediksi Serangan Jantung,false
"Perangkat Baru Mengurangi Kejang, Tidak Perlu Operasi",false
Penyebab kebakaran di Philadelphia mengingatkan kita akan penuaan kilang minyak di Amerika.,true
"Sebuah klausul tersembunyi dalam RUU Obamacare, yang kini menjadi undang-undang, memberi Obama hak untuk membentuk tentara swasta.",false
"""Charles Schumer Mengatakan Donald Trump berkampanye untuk tidak memotong Medicare dan Jaminan Sosial, namun calon Menteri Kesehatan dan Layanan Kemanusiaan, Tom Price, """"berkarier dalam memotong Medicare dan Medicaid.""",true
Rumah Sakit Marshalltown akan menutup unit kebidanan.,true
Tidak ada 'simpanan' peralatan pemerkosaan yang belum teruji di Wisconsin.,false
"“Tidak ada upaya” untuk memasukkan para ahli Amerika ke Tiongkok setelah negara tersebut mengumumkan adanya virus corona, dan “ada satu orang di dalam negeri (dan Trump) yang menariknya keluar dari Tiongkok.”",false
"Japan health ministry projects 400,000 deaths without virus containment measures: media.",true
"Abdu Sharkawy, seorang spesialis penyakit menular, menulis postingan viral di Facebook yang memperingatkan tentang hilangnya akal sehat dalam menghadapi kepanikan atas virus corona baru pada tahun 2020.",true
Taman Iowa menggunakan kambing untuk membantu membasmi spesies invasif.,true
VA mengatakan pihaknya tidak akan menghentikan penggunaan obat yang belum terbukti pada dokter hewan untuk saat ini.,true
Foto menunjukkan peti di mana anak sapi tidak dapat bergerak selama enam minggu sebelum mereka disembelih untuk diambil dagingnya.,false
"Departemen Layanan Sosial California mengeluarkan surat kepada penerima MediCal dan CalFresh, memerintahkan keluarga untuk segera menjalani tes COVID-19 atau anak-anak mereka akan dimasukkan ke dalam panti asuhan.",false
"Komite Nasional Partai Republik mengatakan Joe Biden mengatakan pemungutan suara melalui surat adalah cara untuk “mengubah negara ini secara mendasar,” yang bertentangan dengan pernyataan Barack Obama dan Debbie Wasserman Schultz di masa lalu.",false
"Selain tidak ada bukti ilmiah bahwa CO2 merupakan polutan, konsentrasi CO2 yang lebih tinggi sebenarnya membantu ekosistem mendukung lebih banyak kehidupan tumbuhan dan hewan.",false
"""Remaja 'larangan senjata'"" harus memprotes mobil dan telepon daripada kebijakan senjata yang longgar karena mengirim SMS dan mengemudi membunuh 11 remaja setiap hari.""",false
Sebuah video menunjukkan spesies tanaman baru yang dihasilkan dari persilangan ganja dengan penangkap lalat Venus.,false
Komite mengusulkan fokus keselamatan sekolah dengan dana $10 juta.,true
"Namun, terlepas dari semua pengeluaran tersebut, hasil kesehatan saat ini di Medicaid biasa-biasa saja dan banyak pasien mengalami kesulitan dalam mengakses layanan.”",false
Pengadilan N. Carolina: Pensiunan negara bagian harus membayar premi kesehatan.,true
Makan pisang adalah pencegahan terhadap penyakit virus corona COVID-19.,false
Pejabat kesehatan: Setidaknya 2 anak Idaho meninggal karena flu.,true
"Negara-negara seperti New York, Illinois, dan California sangat vokal dalam menuntut pendanaan untuk menyelamatkan sistem pensiun mereka, yang telah gagal jauh sebelum wabah COVID-19, dan program-program lain yang tidak terkait dengan krisis ini.",false
George Soros mengalami kondisi jantung yang mengancam jiwa sebelum Natal 2017.,false
Bintang 'Family Matters' Reginald VelJohnson meninggal karena serangan jantung pada Februari 2017.,false
"""Jika seseorang bertekad """"untuk melakukan bunuh diri, ketersediaan senjata bukanlah sebuah faktor"""" karena mereka akan menemukan jalan.""",false
Konser penghormatan musik Avicii untuk memberi manfaat bagi kesehatan mental.,true
"Penduduk Flint, Michigan telah diancam oleh CPS dengan mengeluarkan anak-anak mereka jika mereka menolak membayar untuk air yang terkontaminasi.",false
"2 pasien Ebola di Kongo “sembuh” dengan obat-obatan, kata dokter.",true
Perwakilan negara bagian Florida Heather Fitzenhagen “menolak Presiden Trump dan menolak melarang kota suaka.”,false
Insulin Inhalasi Baru Menunjukkan Janji untuk Diabetes,false
Jamur ajaib dapat meredakan kecemasan akibat kanker: belajar.,true
Pemain bisbol remaja menemukan alternatif selain operasi Tommy John.,true
"Operasi migrain menghasilkan 'perbaikan dramatis' dalam fungsi, demikian temuan penelitian",false
Beberapa negara bagian mewaspadai proposal penyelesaian opioid senilai $48 miliar.,true
Sekitar 750.000 orang meninggal di Tiongkok setiap tahun akibat emisi mobil.,false
"Berita kematian David W. Nagy menyalahkan Presiden AS Trump, Gubernur Texas Greg Abbott, dan politisi lain yang tidak menganggap serius pandemi ini atas kematiannya.",true
Gubernur Scott Walker menerima kenaikan gaji sebesar $7.300.,false
Tim penyelamat menyisir puing-puing gempa Indonesia untuk hari kedua.,true
Properti milik Jared Kushner di wilayah Baltimore telah mengalami banyak pelanggaran kode bangunan karena serangan hewan pengerat.,true
"Dari roti kelapa hingga senjata, anggota parlemen siap bersidang.",true
Kota menggugat pembuat busa pemadam kebakaran atas kontaminasi air.,true
Walikota: Para pejabat menunggu berhari-hari untuk memperingatkan adanya tumpahan bahan kimia di danau.,true
Bantuan Percobaan untuk Masalah Seks,true
Seorang anak baru lahir yang dinyatakan meninggal dihidupkan kembali setelah dibaringkan di dada ibunya.,true
Vermonter meninggal karena komplikasi penyakit Lyme yang jarang terjadi.,true
Diplomat bergabung dengan para atlet dalam menjanjikan otak untuk penelitian.,true
Macron memperingatkan Perancis bahwa epidemi virus corona akan datang.,true
Peningkatan Kadar PSA yang Pesat Merupakan Prediktor Buruk Kanker Prostat: Studi,true
“Rekomendasi untuk memakai masker untuk mencegah COVID-19 telah “”dibantah.”,false
"""Komite Kongres Nasional Partai Republik Mengatakan bahwa Rep. Betty Sutton""""lebih suka melakukan kerusuhan dengan Occupy (Wall Street) daripada membela keluarga Ohio.""",false
"J&J, FDA warn of liver risk with HIV drug patients.",true
Gubernur Rhode Island menandatangani perintah eksekutif yang mengizinkan pemerintah federal untuk menyita senjata api masyarakat.,false
"Coons, Senator AS dari Delaware, akan menghadapi tantangan utama.",true
“Terobosan potensial penyakit jantung”,false
"Presiden AS Donald Trump berkata, ""Kami akan mengambil senjata terlebih dahulu dan kemudian pergi ke pengadilan.""",true
AS menuju ke pengadilan untuk membangun tembok perbatasan Trump di Texas.,true
"""American Crossroads Mengatakan Tom Steyer adalah seorang """"Miliarder California yang mendapatkan keuntungan dengan memblokir Keystone"""" dan """"menghabiskan banyak uang untuk membantu"""" Bruce Braley.""",false
Penjahat telah merancang senjata baru yang mirip ponsel untuk mengelabui petugas polisi.,false
"""Film animasi """"Incredibles 2"""" berisi adegan yang memicu peringatan epilepsi di bioskop.""",true
"Penurunan Tingkat Mammogram, Saran Penelitian",false
"Pada tahun 2010, sekitar 75 persen laporan pelecehan dan penelantaran anak di Oregon dibuat oleh mereka yang diwajibkan oleh hukum untuk melapor.",true
"""Steve Israel Mengatakan Amandemen Dickey"" ""mencegah Pusat Pengendalian dan Pencegahan Penyakit bahkan untuk meneliti hubungan antara kekerasan senjata dan kesehatan masyarakat. ... Pemerintah tidak dapat mempelajari kekerasan senjata tetapi menghabiskan $400.000 untuk menganalisis dampak pijat Swedia pada kelinci.""",true
4 Tips Sederhana untuk Menghindari Perkembangan 'Tech Neck' Selama COVID-19,true
"""Pemerkosaan kentut"" adalah konsep feminis otentik yang dipromosikan dengan sungguh-sungguh oleh aktivis tertentu pada konferensi tahun 2013 di Toronto, Kanada.""",false
"""Pada bulan September 2017, pihak berwenang di Houston, Texas memperingatkan warga untuk menggunakan masker gas saat mereka menyemprot area tersebut dengan insektisida neurotoksik yang """"menyebabkan kerusakan otak"""".""",false
Obat kanker payudara baru mungkin efektif melawan jenis kanker lainnya,false
Kritikus Diamond Princess mengatakan Olimpiade Tokyo harus dihentikan.,true
500.000 orang Amerika akan bangkrut tahun ini karena tagihan medis.,true
"Menghadapi kelangkaan, India bertaruh pada Tiongkok untuk mempercepat peningkatan peralatan pelindung kesehatan: sumber.",true
"Terlepas dari upaya-upaya yang dilakukan oleh kekuatan asing pada tahun 2016, komunitas intelijen kita mempunyai kesimpulan universal bahwa tidak satupun dari upaya tersebut berdampak pada hasil pemilu tahun 2016.",false
Olahraga mengurangi lemak di hati penderita diabetes: belajar.,true
Pembuat minuman ringan menargetkan remaja AS secara online: belajar.,true
Institut Jerman: Dua tahun bagi pandemi untuk mereda.,true
Kematian akibat alkohol di Inggris mencapai rekor tertinggi setelah kenaikan 6% dalam setahun.,true
"""Ada putri duyung non-kulit putih di media"" ""The Little Mermaid"" pertama Disney pada awal 1990-an.""",true
Tiongkok menghentikan pekerjaan tim pada bayi yang disunting gennya.,true
"Dengan kode genetik virus Wuhan, para ilmuwan mulai mengerjakan vaksin.",true
"""Vincent Prieto Mengatakan anggaran yang diusulkan Gubernur Chris Christie adalah""""anggaran belanja terbesar dalam sejarah negara bagian New Jersey. Ini adalah yang terbesar di negara ini pada saat ini.""",false
"""Berdasarkan"" UU COVID "", pejabat sekolah di AS dapat mengkarantina anak-anak dengan gejala COVID-19 di luar rumah keluarga mereka tanpa persetujuan orang tua atau wali mereka.""",false
"Grup Buddy Holly menamakan diri mereka """"The Crickets"""" karena suara kicau jangkrik secara tidak sengaja muncul di salah satu rekaman mereka.""",false
Partai Republik Wisconsin Mengatakan “Walikota dari Partai Demokrat di beberapa kota terbesar di Wisconsin menutup tempat pemungutan suara pada bulan April sehingga menimbulkan kekacauan.”,false
Terapi gen untuk bentuk kebutaan langka mendapat persetujuan AS.,true
Vitamin B tidak meningkatkan kekuatan minuman energi,true
Jumlah korban tewas di AS meningkat di tengah terburu-buru membangun rumah sakit lapangan dan mencari pasokan.,true
"""Barack Obama ingin"" ""melucuti senjata bangsa kita secara sepihak.""",false
"Berdasarkan perintah walikota mengenai COVID-19, “jemaat gereja harus mendaftar ke pemerintah” di Kansas City.",false
Seorang dokter gigi Polandia yang pendendam mencabut semua gigi mantan pacarnya.,false
Selai kacang dapat digunakan untuk mendiagnosis Penyakit Alzheimer.,false
Para orang tua harus mewaspadai Gummy bears dan ekstasi (MDMA) yang disamarkan sebagai permen Halloween yang didistribusikan kepada para penipu.,false
"Seorang pendeta di Washington, DC dinyatakan positif COVID-19, sehingga berpotensi menularkan jemaah.",true
Vanuatu berencana untuk mengevakuasi seluruh pulau vulkanik secara permanen.,true
Pemerintah berencana melarang penggunaan perasa pada rokok elektrik.,true
Rand Paul menjalani operasi paru-paru akibat penyerangan.,true
Bukti Baru Resveratrol Dapat Memperlambat Alzheimer,false
Tiga Tes Jantung Yang Harus Diketahui Setiap Wanita,false
Kawanan bulu babi menimbulkan kerusakan di Pantai Barat AS.,true
Panel kesehatan: Jutaan anak-anak AS harus mendapatkan vaksinasi hepatitis.,true
"Di Seychelles, terumbu karang menghadapi ancaman perubahan iklim.",true
American Dental Association mengatakan air mani mampu memotong plak dan karang gigi sebesar 77%.,false
Presiden Trump membatalkan program makan siang sekolah Michelle Obama pada Oktober 2018.,false
Kelompok Perancis menggugat timbal beracun dari kebakaran Notre Dame.,true
"Akupunktur Mengurangi Rasa Panas pada Separuh Wanita, Studi Menemukan",false
Tumbuhnya alga di Laut Arab terkait dengan perubahan iklim.,true
Blogger Mengatakan Mike Pence tertangkap kamera sedang mengantarkan kotak APD kosong ke panti jompo dan berpura-pura kotak APD itu berat.,false
Saat mengundurkan diri dari kursi Texas House-nya.,false
"""Foto dan video yang diambil dari protes anti-lockdown COVID-19/""""Buka kembali Tennessee"""" menunjukkan salah satu peserta memegang tanda bertuliskan """"korbankan yang lemah.""",true
"Untuk Sembuhkan Diabetes, Dokter Dorong Operasi Penurunan Berat Badan",true
"Uji klinis menguji keamanan, efektivitas obat untuk mengobati gangguan makan berlebihan",true
"Presiden Trump mengajukan diri untuk dipilih kembali lebih awal, yang berarti organisasi nirlaba tidak dapat mengkritiknya tanpa kehilangan status bebas pajak mereka.",false
"Menurut beberapa perkiraan, wisata kesehatan menelan biaya hampir £300 juta.",true
"""Hillary Clinton mengungkapkan jendela respons rahasia ""empat menit"" bagi presiden AS untuk meluncurkan senjata nuklir.""",false
"Sains Berkata: Mual di pagi hari yang dialami Kate brutal, tidak berbahaya.",true
Bill Gates digugat oleh India atas kematian anak perempuan akibat vaksinasi.,false
Tes Menjanjikan untuk Obat Kanker Prostat Dendreon,false
Stent jantung ditemukan tidak lebih efektif dibandingkan obat-obatan dalam memperpanjang hidup,true
"Georgia telah mengalami 12 penembakan di sekolah dalam dua tahun sejak pembunuhan massal di Sekolah Dasar Sandy Hook, lebih banyak dibandingkan negara bagian mana pun.",false
"Seorang miliarder Saudi membeli seluruh kota Buford, Wyoming, dan menyewa Binladen Group untuk membangun “Mekah Barat” yang akan melarang non-Muslim.",false
Vaksin Herpes Zoster Mengurangi Risiko Penyakit 55%,true
"Pemerintah, Baja AS mencapai keputusan persetujuan atas tumpahan bahan kimia.",true
Ada lebih banyak klinik nyeri di Broward County daripada McDonald's di Broward County.,true
"Sebuah video Pentagon yang bocor mengungkapkan rencana pemerintah untuk memvaksinasi masyarakat terhadap pemikiran, gagasan, dan agama.",false
Para ilmuwan memasak burger daging sapi in-vitro pertama di dunia.,true
"Stroberi Melawan Kanker, Studi Menemukan",false
Fauci memperingatkan akan adanya ‘penderitaan dan kematian’ jika AS dibuka kembali terlalu cepat.,true
"ANTIDEPRESAN BEKERJA, DAN LEBIH BANYAK ORANG YANG HARUS MENGAMBILNYA: STUDI UTAMA INTERNASIONAL",false
Bagaimana balon dapat membantu Anda menurunkan berat badan,false
Elang botak remaja ditemukan di tanah untuk dilepasliarkan pada hari Selasa.,true
3 kematian terkait flu dilaporkan di Connecticut.,true
Barack Hussein Obama akan .. memaksa organisasi Kristen untuk membayar aborsi.,false
"Pengacara NFL, yang mengklaim Super Bowl ‘dicurangi’, ditemukan tewas.",false
"Mereka akan membangun tembok itu beberapa waktu yang lalu, belum lama ini, seperti pada tahun '06. Dan mereka tidak bisa mendapatkan pernyataan dampak lingkungan.",false
Yoga dapat mengurangi efek samping pada pria yang menjalani pengobatan kanker prostat,false
Beruang kutub mengancam berang-berang sebagai simbol nasional Kanada.,true
The World Health Organization confirmed that the coronavirus is no more deadly or dangerous than seasonal flu,false
"""Jika penangkapan itu terjadi, jaksa federal harus """"membiarkan para penjahat pergi.""",false
"Di Inggris yang terkunci, 'Mancunian Motivator' menghadirkan kesenangan dan kebugaran bagi tetangganya.",true
"""Children cannot get COVID-19""",false
Prancis mendeteksi virus flu burung ringan di peternakan bebek: OIE.,true
"Tesis Stephen Hawking, kursi roda akan dilelang.",true
"""Kota New York sedang merencanakan kuburan massal (atau"" ""kuburan massal sementara"""") untuk korban COVID-19 di Central Park (dan taman umum lainnya.)""",true
"“Presiden AS Trump mengakui bahwa COVID-19 lebih mematikan daripada flu pada awal Februari 2020, namun terus meremehkan pandemi ini sebagai “seperti flu” di depan umum.”",true
"GSK menarik kembali obat sakit maag yang populer, Zantac, secara global setelah ketakutan akan kanker.",true
Fox News hampir tidak meliput skandal (keluarga Duggar) sampai Megyn Kelly bisa mendapatkan wawancara ini.,true
Pejabat Rhode Island mencabut peringatan mengenai ganggang biru-hijau.,true
"Parlemen Iran akan memutuskan ya atau tidak terhadap kesepakatan ini, dan saya pikir Kongres Amerika Serikat juga harus mendapatkan masukan yang sama dalam proses tersebut.",false
Georgia memiliki reputasi yang baik dalam menetapkan standar emas dalam keamanan pangan.,false
California mempertimbangkan untuk mewajibkan penjualan truk tanpa emisi.,true
"""Susan Combs Mengatakan dia""""menghapuskan"""" inspeksi telur oleh Departemen Pertanian negara bagian di lokasi ritel seperti toko kelontong.""",false
Kutu baru yang langka bersembunyi di bawah kulit Anda dan bergerak tanpa terdeteksi.,false
FDA mengatakan Frosted Flakes lebih sehat dibandingkan alpukat.,false
Booker mendesak para aktivis dan pemimpin untuk memperhatikan seruan keadilan sosial.,true
Teknologi Penghentian Merokok Chrono Therapeutics Menunjukkan Penurunan Mengidam Nikotin Secara Signifikan,false
"""Laporan baru-baru ini dari komisi defisit presiden """"sama sekali kosong"""" dalam hal pengendalian biaya perawatan kesehatan.""",false
"""Belgia memberikan """"hak untuk mati"""" kepada anak-anak yang sakit parah.""",true
Kota-kota di Australia yang dilanda kekeringan bersiap menghadapi krisis air yang 'tak terbayangkan'.,true
"""Hanya orang dewasa yang lebih tua dan orang muda yang berisiko""",false
"Kebakaran hutan kembar di California Selatan mengancam Perpustakaan Reagan, Museum Getty, dan rumah.",true
"Joyce Beatty Mengatakan setiap tahun sekitar 30.000 orang di Amerika meninggal akibat tembakan, dan sekitar 80.000 orang terluka.",true
"""Joe Barton Mengatakan emisi gas rumah kaca AS"" berada pada titik terendah dalam 20 tahun.""",false
Berjalan terus: Perangkat baru membantu penderita lumpuh berjalan kembali,false
Laporan kesehatan menunjukkan hasil positif dalam persaingan Senat AS di Ohio.,true
Pramugari mungkin telah membuat penumpangnya terkena Hepatitis A.,true
"""Pelopor alat kontrasepsi Margaret Sanger adalah """"peserta aktif Ku Klux Klan.""",false
WHO: Korban tewas akibat wabah campak di Kongo mencapai 6.000 orang.,true
India berhasil bebas dari polio dengan meningkatkan upaya imunisasi global.,true
Tai Chi Dapat Membantu Meringankan Fibromyalgia,false
Anggota parlemen dari Partai Demokrat memberikan suara pada bulan Februari 2020 untuk menentang perlindungan anak-anak yang lahir setelah prosedur aborsi.,false
Studi menemukan statin mengurangi angka kematian akibat pneumonia,false
"""Virus ini berasal dari laboratorium di Tiongkok""",false
"""Senator Barbara Boxer""""hanya mengesahkan tiga RUU dalam 18 tahun"""" menjadi undang-undang.""",false
"""Obamacare adalah"" ""satu sistem VA yang besar dan gemuk.""",false
"Bahkan di kalangan Muslim generasi kedua dan ketiga di Amerika, tidak ada asimilasi yang nyata.",false
CDC menyesuaikan kembali jumlah kematian akibat COVID-19 dari 60.000 menjadi 37.000.,false
Unilever mengatakan milkshake baru membantu mengendalikan nafsu makan.,true
Perawat Inggris yang pulih dari Ebola kembali ke rumah sakit.,true
"Donasi sperma anumerta harus diperbolehkan, kata para ahli di Inggris.",true
"Masks are dirty and cause bacterial overgrowth, skin infections, and “mask mouth”, which is a new medical condition caused by wearing masks all day",false
Tes Diagnostik Umum Dapat Memperpanjang Nyeri Punggung Bawah,false
Peraih Nobel Tutu merayakan ulang tahunnya yang ke-85 sambil mengucap syukur.,true
Minyak omega-3 terbukti baik untuk kesehatan otak dalam penelitian yang melibatkan orang lanjut usia,false
Sekolah setuju untuk membeli daging sapi yang diproduksi dengan antibiotik yang dikurangi.,true
"Ketika lingkar pinggang Amerika bertambah, biaya pun melonjak.",true
Misi Mars palsu akan membuka pintu pada isolasi 520 hari.,true
Obat Diabetes Baru Memberikan Pukulan Ganda,false
Otoritas kesehatan Italia menyelidiki wabah pneumonia.,true
"""Seorang ibu menggugat rumah sakit dan mengklaim bahwa vaksinasi flu telah""""mengubah"""" putranya menjadi gay.""",false
Kemajuan Menuju Tes Darah untuk Down Syndrome,true
"Sebagian besar pembunuh berantai Anda, sebagian besar orang yang melakukan kekerasan dalam rumah tangga, mereka memulai dengan menganiaya hewan.",false
"Ada ""360.000 (kematian) per tahun akibat kolam renang. Namun kami tidak menutup negara ini karena hal tersebut.""",false
Dorongan untuk menyelamatkan gajah Afrika memicu perselisihan di AS terkait perdagangan gading antik.,true
Pembisik anjing terkenal Cesar Millan meninggal mendadak setelah menderita serangan jantung.,false
Komunitas LGBT lebih sering menjadi korban kejahatan rasial dibandingkan kelompok lain yang diakui.,true
Uji risiko kanker payudara dari rumah dengan kit DNA baru yang disetujui FDA oleh 23andMe,false
Tujuh puluh persen penduduk Texas kelebihan berat badan atau obesitas.,true
Radiasi bencana nuklir Fukushima tahun 2011 telah menyebabkan 100% kematian bayi di antara paus orca.,false
Mantan gubernur Alaska terluka parah dalam kecelakaan mobil.,false
Ada 300.000 bayi yang lahir cacat setiap tahun di negara ini karena wanita yang pecandu alkohol saat mereka mengandung anak-anak tersebut.,false
Ubur-ubur berbahaya kembali ke sungai New Jersey.,true
"Didorong oleh pemilu, Partai Republik di Texas menghentikan pendanaan Medicaid untuk anak-anak penyandang disabilitas.",false
"Mulai dari pembebasan pemerkosa anak-anak dari Partai Republik Dominika hingga penyelundup narkoba Italia, warga Filadelfia telah berada dalam bahaya langsung karena kebijakan Walikota Kenney yang memblokir penegakan hukum setempat untuk berpartisipasi dengan otoritas imigrasi federal.",false
Sejumlah Besar Pasien Medicare yang Terlalu Sering Melakukan Kolonoskopi,true
"Setelah pengobatan kanker, Ginsburg di NY untuk mendapatkan gelar kehormatan.",true
Yunani: 5 orang menolak menjual bayi perempuan miskin melalui adopsi ilegal.,true
Paus: Pemerintah harus memastikan semua orang memiliki akses terhadap layanan kesehatan.,true
"Marco Rubio menggambarkan cacat lahir yang disebabkan oleh Zika sebagai hukuman Tuhan terhadap seorang ibu, dan aborsi sebagai tindakan menghindari hukuman tersebut.",false
Ganja untuk rekreasi menjadi legal di Illinois pada Hari Tahun Baru.,true
"Sebelum Perang Dunia II, sangat sedikit orang yang mempunyai asuransi kesehatan.",true
"""Air Bersih Portland Berkata""""Jika Anda membandingkan area Metro Portland dengan tingkat rongga di seluruh negara bagian CDC ... area Metro Portland sebenarnya akan menempati peringkat ke-15 yang memiliki tingkat rongga terendah di AS""",false
'Denver Post' sebenarnya telah menyewa seorang editor untuk mempromosikan ganja.,false
Mengonsumsi pecan memiliki pengaruh signifikan terhadap biomarker penyakit jantung dan diabetes tipe 2,false
Peringatan perjalanan Zika dikeluarkan untuk 11 negara Asia Tenggara.,true
Eksklusif: Industri Inggris memperkirakan produksi ventilator akan dilanjutkan pada hari Rabu.,true
Ted Cruz mencoba melarang penggunaan penis buatan saat menjabat sebagai Jaksa Agung Texas.,false
"Pada bulan November 2009, Donald Trump men-tweet: ""Penanganan Obama terhadap seluruh pandemi ini sangat buruk! Sebagai Presiden, SEMUA tanggung jawab menjadi tanggung jawab Anda selama krisis seperti ini, baik Anda sendiri yang harus disalahkan atau tidak. John McCain, dan dalam hal ini saya sendiri, tidak akan pernah membiarkan ribuan orang Amerika meninggal karena pandemi saat masih menjabat.""",false
Ron Hood Mengatakan aborsi meningkatkan risiko kanker payudara.,false
Postingan Facebook Mengatakan Kamala Harris ingin menghilangkan daging sapi.,false
Seorang pekerja magang di Kebun Binatang San Diego berusia 29 tahun ditangkap dan didakwa melakukan percobaan pelecehan seksual terhadap gorila.,false
Penulis email tersebut mengatakan putrinya yang berusia 4 tahun memakan pembersih tangan di taman kanak-kanak dan dilarikan ke rumah sakit karena kemungkinan keracunan alkohol yang mematikan.,true
Obamacare akan mempertanyakan kehidupan seks Anda.,false
Lebih banyak tidak selalu lebih baik dengan fertilisasi in vitro,true
"Orator Romawi, Cicero, mengeluarkan peringatan tentang kehancuran suatu negara karena ""pengkhianatan dari dalam"".",false
Pasangan meminta negara mengambil keputusan cepat tentang data vaksinasi.,true
Pengobatan ADHD dikaitkan dengan penurunan risiko alkohol dan penyalahgunaan narkoba pada remaja dan orang dewasa,false
Volkswagen menangguhkan eksekutifnya karena tes monyet.,true
"""Pada musim panas 2019, berdasarkan saran dari seorang advokat jenderal, Pengadilan Eropa memutuskan untuk mewajibkan produk-produk ""buatan Yahudi"" diberi label seperti itu. """,false
"""Pengedar narkoba menjual sabu kristal berwarna dan beraroma yang dikenal dengan nama ""Strawberry Quick"" kepada anak-anak. """,false
Melakukan laser pada bagian kewanitaan Anda? Teknologi baru membantu wanita merevitalisasi kehidupan seks setelah menopause,false
"eRumor merupakan protes atas pilihan Dr. David Hager untuk memimpin Komite Penasihat Obat Kesehatan Reproduksi Badan Pengawas Obat dan Makanan AS.              Dikatakan bahwa dia adalah seorang dokter agama yang pro-kehidupan yang menolak meresepkan alat kontrasepsi untuk wanita yang belum menikah dan menentang penggunaan RU-486, pil yang mengakhiri kehamilan.",true
Studi diabetes: Intervensi membantu mencegah penyakit,false
Inggris merupakan negara dengan angka kematian tertinggi di UE akibat narkoba.,true
Tangga spiral di Kapel Loretto Santa Fe secara ajaib berdiri meskipun tidak memiliki alat pendukung yang terlihat.,false
"Jika Anda melihat hasil Obamacare, yang Anda lihat adalah kunjungan ke ruang gawat darurat meningkat lebih dari 50 persen.",false
"""Empat puluh lima persen dokter """"mengatakan mereka akan berhenti"""" jika reformasi layanan kesehatan berhasil.""",false
"Bedah Mesothelioma Meningkatkan Kualitas Hidup, Studi Menemukan",false
4 kasus penyakit Legiuner diselidiki di rumah sakit.,true
Obat Statin Dapat Mengurangi Risiko Kanker Kolorektal,false
"Donald Trump Mengatakan Joe Biden ""bertanggung jawab atas epidemi Flu Babi H1N1 yang menewaskan ribuan orang. Tanggapan yang diberikan merupakan salah satu yang terburuk yang pernah tercatat. Tanggapan kami adalah salah satu yang terbaik, dengan tindakan cepat berupa penutupan perbatasan dan Peringkat Persetujuan sebesar 78%, yang merupakan rekor tertinggi. Yang terendah!",false
"Postingan Facebook mengatakan NIH ""15 tahun yang lalu menerbitkan penelitian tentang klorokuin. Ini efektif melawan COVID-(1).""",false
Medicare akan bangkrut dalam sembilan tahun.,false
Pilihan tempat tinggal membantu orang dewasa autis menemukan kemandirian.,true
Sepak bola meningkatkan perkembangan tulang pada anak laki-laki,false
Teknik memotong waktu pengobatan kanker,false
Pejabat kesehatan mendesak vaksinasi flu ketika virus menyebar luas.,true
Nation menandai 50 tahun setelah 'lompatan raksasa' Apollo 11 di bulan.,true
Aplikasi Talking Angela secara tidak aman meminta anak-anak untuk memberikan informasi pribadi tentang diri mereka sendiri.,false
Badan Missouri meminta uang negara untuk memerangi penyakit fatal.,true
Sel Punca Menunjukkan Janji Untuk Memperbaiki Meniskus yang Robek,false
“Kami telah menguji lebih dari gabungan pengujian setiap negara.”,false
Semua orang di negara ini mempunyai akses terhadap layanan kesehatan.,false
Penggalangan dana terakhir bagi orang yang mendorong tantangan ember es.,true
Studi sel sabit pediatrik dihentikan lebih awal karena hasilnya positif,false
Taylor Swift dikeluarkan dari Spotify dan iTunes karena dia mendukung Partai Demokrat.,false
Makan Ikan Mungkin Baik untuk Kesehatan Otak,true
Cincin Api: Negara bagian Australia mengumumkan keadaan darurat saat kebakaran hutan mendekati Sydney.,true
Roche dari Swiss mengikuti perlombaan global untuk melakukan tes antibodi virus corona.,true
Kasus COVID-19 “meningkat hanya karena banyaknya jumlah tes yang kami lakukan.”,false
Postingan Facebook Mengatakan pandemi terjadi tepat setiap 100 tahun.,false
Pemindai kecil menemukan penyakit jantung yang tersembunyi,false
"""Rick North Says Oregonians for Food and Shelter"" ""dengan bangga menampilkan anggota dewan dari Monsanto dan Syngenta dan Biro Pertanian (Oregon) juga menerima dana dari perusahaan bioteknologi.""",true
Stent Abbott yang dapat diserap menunjukkan hasil yang baik,false
Wabah hepatitis A di NE Alabama kian meningkat.,true
Gegar otak membuat pemain hoki tidak bisa bermain lebih lama.,true
Dia berjuang melawan kanker dan Kongres untuk hukum hak untuk mati di DC.,true
Istilah '420' memasuki dunia kedokteran sebagai istilah yang menandakan waktu untuk menyalakan suatu sendi.,true
Semakin banyak dokter di AS yang menghadapi tuntutan atas penyalahgunaan narkoba.,true
"Sekjen PBB mengunjungi wilayah Ebola di Kongo, menjanjikan dukungan.",true
"Dengan pemungutan suara melalui surat, “Anda melihat ribuan orang duduk di ruang tamu seseorang, menandatangani surat suara di mana-mana.”",false
2 vaksin baru diperlukan untuk beberapa siswa sekolah Kansas.,true
"""Di Wisconsin, lebih dari 300.000 orang memiliki """"masalah perjudian yang membuat ketagihan, baik itu bersifat patologis atau apa yang kami kategorikan sebagai masalah penjudi.""",false
"Chris Murphy mengatakan Presiden Donald Trump menerapkan “larangan perjalanan yang tidak berhasil, 400.000 orang masuk dari negara-negara yang terkena pembatasan tersebut.”",false
Kasur melingkar menyebabkan kanker karena memperkuat gelombang radio.,false
Lima puluh tiga persen remaja di Central Falls sedang hamil.,false
"Foto menunjukkan “Dr. Fauci, Melinda Gates dan Barack Obama di Lab Wuhan pada tahun 2015.”",false
"Pada tahun 2012, Anda mendiskusikan bagaimana Anda memimpin upaya untuk membatalkan dana pemeriksaan kanker payudara di Planned Parenthood.",true
"Ketentuan """"tersembunyi"""" dalam undang-undang layanan kesehatan mengenakan pajak pada barang olahraga sebagai alat kesehatan.""",false
"Empat puluh Marinir menyelamatkan anak-anak dari fasilitas penitipan anak Pentagon pada 9/11, lalu mengurung mereka di kandang pelindung berupa tempat tidur bayi.",false
"""Senator John McCain mengatakan bahwa dia secara tidak sengaja memilih """"tidak"""" untuk mencabut Undang-Undang Perawatan Terjangkau.""",false
"""Russ Feingold Mengatakan Donald Trump dan Ron Johnson """"menentang hak perempuan untuk memilih dan Johnson memberikan suara menentang Undang-Undang Kekerasan Terhadap Perempuan.""",true
Tentang mendukung anggaran yang diusulkan oleh Rep. Paul Ryan,false
"""Charles Francis"" ""bersumpah untuk memangkas pendanaan untuk taman dan ruang terbuka.""",false
Pembersihan dana super dipertimbangkan untuk situs 'green goo' Detroit.,true
Apakah kutu busuk membawa bakteri super?.,true
Koloni aligator besar yang berkembang pesat hidup jauh di dalam sistem saluran pembuangan Kota New York.,false
Davenport gym menawarkan latihan untuk penderita sindrom Down.,true
"""Marco Rubio Berkata Hillary Clinton"" ""percaya bahwa semua aborsi harus legal, bahkan pada tanggal kelahiran anak yang belum lahir.""",false
Ketentuan baru dalam undang-undang layanan kesehatan melarang penggunaan rekening belanja fleksibel dan rekening tabungan kesehatan untuk membayar aspirin dan kebutuhan kesehatan tanpa resep lainnya.,true
Facebook akan menyumbangkan uang untuk membantu anak penderita kanker setiap kali permohonan bantuan disukai atau dibagikan.,false
Polisi telah mendokumentasikan kasus-kasus orang yang secara acak membagikan barang beracun kepada anak-anak pada Halloween.,false
Inilah Yang Perlu Anda Ketahui Tentang Kondom Wanita,true
Studi Klinis Memverifikasi Produk Obat OTC HSRx Untuk Nyeri Sendi Memberikan Hasil Pengobatan Lebih Cepat Dan Lebih Efektif Dibandingkan Produk Terkemuka di Pasar Saat Ini,false
Studi: Vaksinasi batuk rejan selama kehamilan melindungi bayi baru lahir,true
Penasihat Senior Gedung Putih Valerie Jarrett adalah seorang Muslim dan sebelumnya mengatakan dia ingin membantu Amerika menjadi lebih seperti negara-negara Islam.,false
Anak-anak sekolah merokok dan menyuntik kutu busuk untuk mendapatkan zat halusinogen yang dikandungnya.,false
"Ada lebih dari 800 juta umat Islam yang mengalami radikalisasi, lebih dari separuh umat Islam di dunia. Itu bukan minoritas. Jumlah tersebut kini menjadi mayoritas.",false
Rasa pertama burger tabung reaksi dinyatakan 'dekat dengan daging'.,true
Tes Ini Dapat Menentukan Apakah Anda Sudah Mengatasi Alergi Makanan,true
Elizabeth Smart mengatakan pembebasan penculik masih menjadi ancaman.,true
"Studi: Vaksin Payudara, Kanker Ovarium Berpotensi",true
Menteri Perhubungan Indonesia dipastikan mengidap virus corona ketika jumlah kasus meningkat.,true
Aspirin sehari – selama bertahun-tahun – dapat mencegah kanker usus besar,true
Perawatan dengan alat dapat meredakan telinga berdenging.,true
Banyak penduduk asli Kanada tidak melihat adanya kompromi dalam pembangunan pipa pasir minyak.,true
Tes Urin Dapat Membantu Memprediksi Kanker Prostat,true
Gambar menunjukkan tombol anti-sosialisme yang menentang Medicare selama pemerintahan Franklin Delano Roosevelt dan Lyndon B. Johnson.,false
Kematian akibat Ebola di Kongo melampaui angka 1.000 seiring dengan terus berlanjutnya serangan terhadap pusat pengobatan.,true
"""Pada Juli 2017, Don Moen meninggal karena""""sakit perut"""".""",false
Produser kelahiran Swedia DJ Avicii meninggal dalam keadaan yang mencurigakan ketika dia mencoba menggunakan video musik untuk mengungkap jaringan pedofil,false
Seorang anggota Komisi Kabupaten Okeechobee di Florida mempromosikan klaim bahwa penggunaan pengering rambut dapat menyembuhkan orang dari COVID-19.,true
WHO mengatakan wabah makanan tercemar mengancam 16 negara Afrika.,true
"Ram Dass, pionir obat psikedelik, meninggal di rumahnya pada usia 88 tahun.",true
Menyelamatkan Hidup Anda: Keajaiban Medis Modern: pemindaian jantung Matt Lauer,false
CDC Menghambat Banyak Kegiatan Halloween,true
Illinois “mengalami masalah fiskal karena gubernur dari Partai Republik yang menjadi gubernur di sana” sebelum Gubernur J.B. Pritzker.,false
India menuntut pemimpin Muslim atas pembunuhan yang menyebabkan lonjakan virus corona.,true
Studi baru FAU menunjukkan manfaat mamografi rutin juga berlaku bagi orang lanjut usia,false
Panel penasihat FDA mendukung obat Chelsea Therapeutics.,true
"Klip, gulung, atau tunggu saja? Dokter memperdebatkan aneurisma",false
"""Dua putra altar ditangkap karena """"memasukkan ganja ke dalam pembakar pedupaan.""",false
"""Dustin Diamond (alias"" ""Screech"""") didakwa dengan pembunuhan tingkat dua setelah menikam seorang pria di bar.""",false
"Inggris khawatir akan terjadinya krisis karena 11,5 juta orang di Inggris mendapatkan obat-obatan yang berpotensi membuat ketagihan.",true
Berbagai penelitian secara konsisten gagal menemukan hubungan antara kerasnya undang-undang narkotika di suatu negara dan tingkat penggunaan narkotika di negara tersebut.,true
Tes mata baru mendeteksi tanda-tanda awal glaukoma,false
Perampok di tempat parkir pusat perbelanjaan menggunakan botol parfum berisi eter untuk membuat korbannya tidak sadarkan diri.,false
"""'Almanak Petani Tua' meramalkan """"badai salju dalam jumlah yang mengkhawatirkan"""" untuk musim dingin 2019 hingga 2020.""",false
Aimovig dari Amgen mengurangi separuh hari migrain pada 30 persen pasien percobaan,false
Senator Kamala Harris tidak memenuhi syarat untuk menjabat sebagai Presiden AS karena tidak satu pun dari orang tuanya yang “menjadi penduduk sah selama 5 tahun sebelum [dia] lahir” dan dia “tidak dibesarkan di Amerika Serikat.”,false
"Rokok, kopi dapat menurunkan risiko Parkinson",false
"""COVID-19"""" dinamakan demikian karena merupakan ""Penyakit Menular Virus Berasal dari Tiongkok"" yang ke-19.",false
Gugatan diajukan atas wabah hepatitis A yang terkait dengan buah beri.,true
Para ahli mengatakan obat murah bisa memperlambat penyakit jantung bagi pasien diabetes tipe 1,false
Jaringan ilmuwan Kanada mencapai kemajuan luar biasa dalam penelitian Covid-19.,true
Jerman menghadapi kekurangan vaksin cacar air setelah masalah GSK.,true
Ganja mengandung hidrokarbon karsinogenik 50 hingga 70 persen lebih banyak dibandingkan tembakau.,false
Kombinasi Terapi Kemo-Radiasi Dapat Membantu Melestarikan Laring pada Penderita Kanker Laring,false
Respon Kekebalan Tubuh Lebih Baik Dengan Vaksinasi Goresan Kulit,false
"Awalnya, Partai Demokrat berjanji bahwa jika Anda menyukai rencana layanan kesehatan Anda, Anda dapat menepatinya. Satu tahun kemudian kami tahu bahwa Anda memerlukan pengabaian untuk mempertahankan rencana Anda.",false
"""Nutella """"beracun"""" dan mengandung bahan """"berbahaya"""" vanilin dan MSG.""",false
"""Oprah Winfrey memaafkan pelecehan terhadap anak, dan mengatakan jika pelakunya """" ada gunanya "", maka anak tersebut tidak akan pernah menganggap pelecehan tersebut sebagai pelecehan.""",false
"Tentara garis depan Jerman dan Inggris menyanyikan lagu-lagu Natal, bertukar hadiah, dan bermain sepak bola selama gencatan senjata Natal Perang Dunia I.",true
Program konservasi berharap dapat membantu orang-orang dengan segala kemampuan.,true
"Bernie Sanders mengatakan serangkaian statistik menunjukkan bahwa kondisi di beberapa bagian Baltimore menyaingi """"Tepi Barat di Palestina"", """"Korea Utara"","" dan """"kota-kota yang mengalami krisis di Nigeria, India, Tiongkok, dan Afrika Selatan.""",true
"""Para remaja saling menantang dalam tantangan 72 jam (atau """"Permainan 72""""), di mana mereka menghilang selama beberapa hari.""",false
Badan Obat Eropa merekomendasikan pemberian lisensi vaksin Ebola.,true
Sudah 269 hari sejak (Hillary) Clinton mengadakan konferensi pers.,true
"Tujuan awal Planned Parenthood adalah untuk """"membantu membunuh bayi berkulit hitam sebelum mereka lahir ke dunia.""",false
"""Prioritas Tindakan AS Mengatakan Presiden Donald Trump sedang mencoba melakukan pemotongan Medicare sebesar $451 miliar""""di tengah pandemi yang mematikan.""",false
"Di Massachusetts, Scott Brown mendorong undang-undang yang memaksa perempuan mempertimbangkan aborsi -- memaksa mereka -- untuk melihat foto berwarna perkembangan janin.",true
Gedung Putih memuji kapasitas pengujian virus corona di tengah kritik.,true
Trump lolos dari tuduhan atas kebijakan etanol yang merugikan petani jagung.,true
Tes urin protein mungkin menandakan kanker prostat,false
Roche Drug Menyusut Tumor dalam Studi,true
Cedera otak seperti yang dialami Schumacher dapat menghancurkan kehidupan: belajar.,true
"John Kasich berkata jika perempuan tidak bisa dipercaya untuk ""menjaga kaki mereka tetap tertutup"", maka mereka tidak layak untuk memilih aborsi.",false
"Keluarga Amerika bekerja keras untuk mendapatkan $4,250 sebulan. Obama menghabiskan $18.972 per bulan untuk setiap anak imigran gelap.",false
Seoul: Korea Utara mengkonfirmasi wabah demam babi Afrika.,true
Kita mempunyai tingkat kemiskinan anak-anak tertinggi dibandingkan negara besar mana pun di dunia.,false
Sebuah tes tunggal untuk mendeteksi banyak penyakit musim dingin,true
Makanan anjing Milk-Bone menyebabkan kanker pada satu dari setiap dua anjing yang memakannya.,false
Terapi Eksperimental Untuk Sakit Tumit Memiliki Skeptis,true
Anjing terapi di Salina Center membantu mengelola kesehatan mental.,true
"""Di bawah usulan amandemen ganja medis di Florida, """"Anda tidak mendapatkan isi ulang -- Anda mendapatkannya selamanya.""",false
"“Jika perempuan yang ingin melakukan aborsi melihat hasil USG mereka, “kemungkinan besar mereka akan mempertahankan bayinya.”",false
"""Virus corona """"menyerang kita,” dan menambahkan bahwa ini adalah “hal yang sangat tidak terduga.”""",false
Tes darah memprediksi palsi serebral spastik,false
"Lebih sedikit bayi yang lahir dengan sifilis di Louisiana, lebih banyak di seluruh AS.",true
Peringatan medis mengatakan untuk menghentikan penggunaan obat antiperadangan untuk nyeri atau suhu tinggi.,false
Studi Menyarankan Obat Osteoporosis Dapat Mengobati Hilangnya Tulang Rahang,false
Pengobatan RA Dini Dapat Menggagalkan Penyakit Jantung,true
"""Surat itu ditulis oleh F. Scott Fitzgerald pada tahun 1920 ketika penulisnya dikarantina di Prancis selama pandemi"" influenza Spanyol "".""",false
"""Angka kematian bayi di Alabama mencapai rekor terendah"".",true
John McCain memberikan jawaban yang tidak menentu dan tidak konsisten mengenai kapan pasukan harus kembali dari Irak.,false
Dua obat baru memperpanjang kelangsungan hidup pasien melanoma,true
Mengontrol Tekanan Darah,false
Foto menunjukkan seorang atlet angkat besi yang mengalami prolaps rektum selama pertandingan angkat beban.,false
"Louie Gohmert mengatakan bubuk telah dikembangkan yang, ketika dicampur dengan air, ""digunakan di Jerman sebagai kabut. Petugas kesehatan melewati tenda kabut saat masuk ke rumah sakit dan hal itu membunuh virus corona dalam keadaan mati total, tidak hanya pada saat itu juga, tetapi kapan saja dalam 14 hari ke depan ketika virus menyentuh apa pun yang disemprotkan, maka virus tersebut akan mati.""",false
Puasa Semalam Dapat Mengurangi Risiko Kanker Payudara pada Wanita,false
Pil kombo mengurangi tekanan darah dan risiko jantung.,true
"Karena Federal Reserve baru-baru ini memangkas suku bunga mendekati 0%, ""Fed tidak akan terlalu berpengaruh saat ini. Mereka sudah menggunakan leverage yang mereka miliki.""",false
Ketukan tulang belakang dapat memprediksi penyakit Alzheimer di tahun-tahun mendatang,true
"Komentator 60 Minutes Andy Rooney menulis esai, """"Dalam Pujian untuk Wanita yang Lebih Tua.""",false
Skrining Kanker Paru Sering Menimbulkan Alarm Palsu,true
"""Perempuan dan dokter bertemu untuk menentukan apakah akan """"mengeksekusi"""" bayi yang baru lahir.""",false
Sebuah surat yang memberikan tip tentang cara melindungi diri dari virus corona baru ditulis oleh ahli patologi James Robb.,true
Apa itu 'COVID jangka panjang' dan bagaimana pengaruhnya terhadap mereka yang mengidapnya,true
Kentucky mengeluarkan peringatan ganggang berbahaya untuk Sungai Ohio.,true
Putri Senator AS Chuck Schumer baru-baru ini angkat bicara tentang dugaan perselingkuhan ayahnya dengan salah satu teman sekelas SMA-nya.,false
Pejabat CDC mengeluarkan permintaan maaf resmi setelah ditemukan bahwa vaksin flu tahun 2014 terbukti tidak efektif melawan jenis virus flu yang umum.,false
"Di tengah kasus pembunuhan dokter, tuntutan hukum mencerminkan pertarungan saling menyalahkan.",true
"Lebih dari 32.000 orang meninggal karena #GunViolence setiap tahunnya. Namun, (Pusat Pengendalian dan Pencegahan Penyakit A.S.) dilarang meneliti cara untuk mencegah hal ini.",true
"""Pada kenyataannya"", ""tidak ada masalah apa pun"" dengan undang-undang tanda pengenal pemilih Texas.""",false
Eksklusif: Korea Selatan akan mengirimkan alat tes virus corona ke AS - sumber.,true
Koktail Tecentriq Roche menambah keberhasilan kelangsungan hidup penderita kanker paru-paru,false
Penurunan berat badan di kalangan influencer yang menerima lemak adalah topik yang penuh perhatian.,true
Ini semua tentang roll ketika memilih sepatu lari.,true
"Pil sama bagusnya dengan kemoterapi untuk kanker paru-paru, namun lebih mahal",true
"Gambar viral mengatakan John F. Kennedy ""menghisap ganja di Gedung Putih, saat menjadi presiden, karena dia menderita sakit punggung parah dan penyakit Addison.""",false
Tusuk jarum kering untuk terapi nyeri sedang dalam pengawasan,true
"""Keanu Reeves berkata:""""Tak seorang pun dari kita yang keluar dari sini hidup-hidup, jadi tolong berhenti memperlakukan dirimu sendiri seperti memikirkan hal-hal lain.""",false
"Penuh sesak dan tidak sehat, penjara-penjara di Venezuela bersiap menghadapi virus corona.",true
COVID-19 vs. demam: Gejala dan pengobatan,true
Kelompok ternak di Texas berselisih mengenai larangan pengobatan kutu.,true
Anggota parlemen Connecticut mempertimbangkan untuk memperluas undang-undang sabuk pengaman.,true
"Sejak tahun 1999, 440 orang telah terbunuh dalam serangan terhadap properti gereja di Amerika Serikat.",false
"Di Jeanne Shaheen, New Hampshire memiliki seorang Senator yang memberikan suara penentu untuk meloloskan Obamacare.",false
"Perdebatan mengenai kognitif, terapi kesehatan mental tradisional",true
"Ketika California menipiskan hutan untuk membatasi risiko kebakaran, beberapa pihak menolak.",true
Tai chi dapat meredakan nyeri fibromyalgia,true
CT scan menambah risiko kanker,true
"""NARAL Pro-Choice America Kata Scott Walker""""mengatakan bahwa memaksa perempuan yang menghadapi aborsi untuk mendapatkan USG invasif adalah 'hal yang keren.'""",false
Pemenang putusan talk: Uang tidak dapat menggantikan kesehatan yang hilang.,true
Minum Dalam Jumlah Sedang Dapat Mengurangi Risiko Penyakit pada Wanita,false
Sebuah video menunjukkan kepala belut serigala beracun yang dipenggal sedang menggigit sekaleng coca-cola.,true
"California berjuang menghadapi kebakaran terbesar yang pernah terjadi, Trump berjanji akan memberikan dukungannya.",true
Sebuah studi ilmiah menunjukkan kematian Alfie Evans disebabkan oleh bahan tambahan aluminium dalam vaksin.,false
"Tanaman rumah tangga Dieffenbachia, salah satu tanaman dalam ruangan yang paling umum, sangat beracun sehingga dapat membunuh anak-anak dalam satu menit dan orang dewasa dalam 15 menit.",false
Marisa Tomei bercerita tentang perjuangannya melawan mata kering kronis,false
Mahasiswa kebidanan menggunakan teknologi tambahan untuk meningkatkan keterampilan klinis.,true
Planned Parenthood memilih dokter kelahiran Tiongkok sebagai pemimpin baru.,true
"Putrinya yang berusia 1 tahun, istri korban Goma di Kongo mengidap Ebola.",true
"Ketika direktur komunikasi Gedung Putih Anita Dunn mengatakan bahwa Mao Tse-tung adalah """"salah satu filsuf favoritnya, hanya Fox News yang mengangkatnya.""",false
Panel Inggris mengatakan teknik IVF tiga orang tua yang baru sekarang aman untuk 'penggunaan yang hati-hati'.,true
Seorang ibu di Inggris kehilangan hak asuh atas anak-anaknya karena dia mengabaikan peringatan tentang 'tidur bersama' dengan anak-anaknya.,false
Foto-foto menunjukkan “serangga pembunuh baru” yang mampu menyebarkan virus pengubah kulit jika disentuh.,false
"""Senator John McCain disebut sebagai""""Songbird John"""" setelah dia dipenjara selama Perang Vietnam.""",false
Georgia dan negara bagian lain dengan undang-undang senjata yang lemah memiliki lebih banyak kejahatan.,true
Pemogokan guru di Chicago menyoroti kekurangan staf.,true
COVID-19 dapat kehilangan status epideminya di Amerika Serikat karena menurunnya angka kematian akibat virus corona menurut data CDC.,false
"Wyoming akan melonggarkan aturan restoran, bar, dan pertemuan COVID-19.",true
Sebuah studi Universitas Harvard pada tahun 2007 membuktikan bahwa daerah dengan tingkat kepemilikan senjata yang lebih tinggi memiliki tingkat kejahatan yang lebih rendah.,false
"""Lisa Moore Mengatakan ada """"contoh nyata"""" pelamar kerja atau calon pelamar dan mahasiswa Universitas Texas serta pembicara yang diundang berubah pikiran karena pistol diizinkan di gedung kampus dan ruang kelas.""",true
Reuters: Obat Merck Keytruda berhasil dalam uji coba kanker esofagus stadium akhir,false
Dua badan amal akan membayar $6 juta untuk menyelesaikan penyelidikan suap farmasi AS.,true
"“CDC baru saja mengonfirmasi tingkat kematian akibat COVID19 sebesar 0,2%.”",false
Apa yang akan dicapai (pemerintahan Obama) dalam beberapa bulan ke depan adalah Anda bahkan tidak akan bisa membakar batu bara dalam jumlah yang sangat terbatas di pembangkit listrik yang ada.,false
"""Polisi di Charlottesville diberi perintah"" mundur """" dan diminta membiarkan kekerasan terjadi.",false
"""Perlindungan aborsi adalah manfaat asuransi standar"" ""di hampir 90 persen rencana asuransi swasta yang dijual di A.S.""",false
Umat ​​​​Katolik di Jerman mengizinkan penggunaan pil pencegah kehamilan dalam kasus pemerkosaan.,true
"Hakim Amy Coney Barrett, calon Mahkamah Agung Presiden AS Donald Trump, adalah anggota kelompok Kristen yang menginspirasi novel dystopian Margaret Atwood, “The Handmaid’s Tale.”",false
Penelitian menunjukkan dengan tepat biomarker yang kuat dari multiple sclerosis,false
Gugatan menuduh tidak ada pengobatan hepatitis C untuk narapidana.,true
Kematian agen FBI Sal Cincinelli terkait dengan Clinton Foundation.,false
Organisasi medis St. Louis merencanakan lebih banyak terapi proton.,true
Penyembuhan Terdepan: Pemain Super Bowl Mendapat Bantuan,false
"Pola makan vegetarian hampir dua kali lebih efektif dalam mengurangi berat badan, demikian temuan penelitian",false
"Kami menawarkan sejumlah besar pilihan rendah kalori, tanpa kalori, seperti air, produk tanpa pemanis, item diet rendah kalori. Sayangnya semuanya dikenai pajak ini.",false
Virus corona ditemukan di kapal pesiar ketika semakin banyak negara bagian AS yang melaporkan kasusnya.,true
Obat dapat memperlambat pertumbuhan kanker prostat dini,true
Presiden Terpilih Donald Trump menunjuk Kanye West ke posisi kabinet.,false
Laporan Tiongkok mengatakan penyakit mungkin disebabkan oleh virus corona baru.,true
Oven microwave dilarang di Uni Soviet pada tahun 1976 untuk melindungi warganya dari dampak kesehatan yang berbahaya.,false
"Tes darah kanker ovarium: Tersedia, tidak digunakan secara luas",true
Tim kampanye Trump mengirimkan email penggalangan dana yang meminta bantuan presiden setelah dia didiagnosis menderita COVID-19.,false
Kesaksian pengadilan membuktikan bahwa sebuah perusahaan bioteknologi mengambil organ dari janin hidup.,false
Asosiasi Senapan Nasional dibentuk dengan tujuan untuk mengusir Ku Klux Klan dan membantu budak yang dibebaskan mempertahankan diri dari serangan rasis.,false
Pejabat NY: Tidak ada ancaman kesehatan masyarakat yang besar akibat ledakan uap.,true
Studi ilmiah menunjukkan bahwa proses penambahan fluorida ke air umum mengurangi IQ individu di wilayah tersebut.,false
Brasil menghadapi misteri tumpahan minyak baru: Kapan ini akan berakhir?.,true
PBB mendukung rencana rahasia Presiden Obama untuk menasionalisasi departemen kepolisian setempat.,false
Alan Grayson Mengatakan Daniel Webster berpendapat bahwa istri harus tunduk kepada suaminya.,false
"“Jika Anda menyukai paket pribadi Anda, Anda dapat menyimpannya.”",false
Pertandingan Piala FA tertunda 1 menit karena dorongan kesehatan mental sang pangeran.,true
"UCB mengingat patch Parkinson, mengulas pandangan tahun 2008.",true
"""Terpapar sinar matahari selama dua jam"" membunuh virus corona 2019.""",false
"""Mariyuana saat ini """"dimodifikasi secara genetik"","" dengan tingkat THC yang """"jauh melampaui mariyuana"""" pada tahun 1970-an.""",true
Rick Scott Mengatakan “Joe Biden mendukung rezim Castro dan bertemu dengan Maduro.”,false
RUU Collins untuk memerangi Lyme dan penyakit kutu lainnya terus berlanjut.,true
Studi menunjukkan beban kanker yang berhubungan dengan alkohol di Eropa.,true
Studi Zolgensma Novartis dihentikan oleh FDA di tengah pertanyaan keamanan.,true
Mengabaikan seperangkat standar Common Core untuk bahasa Inggris dan matematika menyebabkan hasil tes sekolah piagam Florida berubah dari biasa-biasa saja menjadi luar biasa.,false
Penelitian menunjukkan bahwa semakin banyak rumah tangga di AS yang bebas rokok.,true
Pasokan virus corona yang disumbangkan oleh Ma dari Alibaba tiba di Afrika.,true
Cara terbaik mengatasi gejala menopause yang tidak menyenangkan,false
Laporan menjadi viral bahwa 23 lansia meninggal setelah menerima suntikan flu yang dijual di apotek.,false
Kantor pemilihan Arkansas mungkin akan pindah karena tingkat jamur yang tinggi.,true
"""Edward Markey Mengatakan angka HIV dan AIDS telah melonjak""""karena meningkatnya penggunaan heroin dan fentanil.""",false
Rencana layanan kesehatan masyarakat negara bagian disetujui di Washington House.,true
Saya telah menutup pabrik pil.,false
Unit Pfizer Meridian sedang diselidiki secara perdata oleh Jaksa AS.,true
Pemerintahan Obama tidak meninggalkan pedoman dalam menangani pandemi untuk pemerintahan berikutnya.,false
"Obat Sakit Haid Dapat Menyembuhkan Penyakit Alzheimer, Studi Baru Menyarankan",false
Burundi menentang COVID-19 karena pemilu mengakhiri pemerintahan yang berdarah-darah.,true
Kornea Biosintetik Menjanjikan dalam Transplantasi,true
Warga Gambia mengajukan gugatan terhadap mantan pemimpinnya atas dugaan ‘penyembuhan’ HIV.,true
Wawasan: FDA memperingatkan PIP tentang keamanan implan payudara pada tahun 2000.,true
Seorang karyawan rumah jagal Texas membunuh 71 karyawan selama rentang waktu 17 tahun tanpa terdeteksi.,false
Tamiflu bertanggung jawab atas peningkatan jumlah kematian pada musim flu ini.,false
Jumlah kasus COVID-19 di AS meningkat karena tingginya sensitivitas tes diagnostik RT-PCR,false
Mekanisme Aksi Baru Melawan SARS-CoV-2 dengan Obat Antiviral Remdesivir,true
Terapi Gen Memperbaiki Gangguan Pendarahan Langka: Studi,true
"""Produk susu tiruan seringkali berbeda nutrisinya dengan produk susu tiruannya, dan memberi label pada produk tersebut dengan """"susu"""" atau """"keju"""" atau """"yogurt"""" adalah """"melanggar hukum"".",true
Hormon mungkin lebih baik daripada kedelai untuk mengatasi rasa panas,true
